illumina_sample_id,sample_id,site_id,original_sample_type,updated_sample_type,keep_samples,year,month,day,SampleID,water_type,salinity_notes,aquarium_salinity,position_of_meristem,length_cm,width_cm,fouling,bleaching,recovered_bleaching,blistering,reproductive,split,flap,holes,lab_or_field_sampled,aquarium,aquarium_day,desmerestia,spad500_reading_1,spad500_reading_2,notes,N.conduct,mean.conduct,sd.conduct,N.ph,mean.ph,sd.ph,N.temp,mean.temp,sd.temp,se.conduct,lci.conduct,uci.conduct,se.temp,lci.temp,uci.temp,se.ph,lci.ph,uci.ph
fakekelp-high-gw-2022-7-12,fakekelp-high-gw-2022-7-12,gw,fakekelp-high,meristem,y,2022,7,12,fakekelp-high-gw-2022-7-12,ocean,,30,,NA,NA,,,,,,,,,field,,D-1,,NA,NA,,3,25.36,0.31432467,3,8.080349,0.002783369,3,14.7,0.17320508,0.181475435,25.004308,25.71569,0.1,14.504,14.896,0.1,7.884349,8.276349
meristem10-gw-2022-5-17,meristem10-gw-2022-5-17,gw,meristem,meristem,y,2022,5,17,meristem10-gw-2022-5-17,ocean,,20,submerged,31,11,low,no,,no,no,,,,field,yes,D-1,,NA,NA,,3,26.81667,0.08386497,3,8.134986,0,3,10.6,0.17320508,0.048419463,26.721765,26.91157,0.1,10.404,10.796,0.1,7.938986,8.330986
meristem10-gw-2022-5-3,meristem10-gw-2022-5-3,gw,meristem,meristem,y,2022,5,3,meristem10-gw-2022-5-3,ocean,,20,submerged,NA,NA,,,,,,,,,field,yes,D-1,,NA,NA,,3,27.76333,0.06806859,3,8.1382,0.002783369,3,10.3,0.1,0.03929942,27.686306,27.84036,0.05773503,10.186839,10.41316,0.05773503,8.02504,8.251361
meristem10-gw-2022-5-31,meristem10-gw-2022-5-31,gw,meristem,meristem,y,2022,5,31,meristem10-gw-2022-5-31,ocean,,20,submerged,NA,NA,,,,,,,,,field,yes,D-1,,NA,NA,,3,25.54333,0.306159,3,8.091598,0.008350107,3,13.83333,0.47258156,0.176760981,25.196882,25.88978,0.27284509,13.298557,14.36811,0.27284509,7.556821,8.626374
meristem10-gw-2022-6-14,meristem10-gw-2022-6-14,gw,meristem,meristem,y,2022,6,14,meristem10-gw-2022-6-14,ocean,,20,submerged,NA,NA,,,,,,,,,field,,D-1,,NA,NA,,3,25.66667,0.57735027,3,NA,NA,3,NA,NA,0.333333333,25.013333,26.32,NA,NA,NA,NA,NA,NA
meristem10-gw-2022-6-28,meristem10-gw-2022-6-28,gw,meristem,meristem,y,2022,6,28,meristem10-gw-2022-6-28,ocean,,20,submerged,NA,NA,,,,,,,,,field,,D-1,,NA,NA,,3,23.72667,0.16862187,3,8.080349,0.002783369,3,14.63333,0.15275252,0.097353879,23.535853,23.91748,0.08819171,14.460478,14.80619,0.08819171,7.907493,8.253205
meristem10-gw-2022-7-12,meristem10-gw-2022-7-12,gw,meristem,meristem,y,2022,7,12,meristem10-gw-2022-7-12,ocean,,20,submerged,NA,NA,,,,,,,,,field,,D-1,,NA,NA,,3,25.36,0.31432467,3,8.080349,0.002783369,3,14.7,0.17320508,0.181475435,25.004308,25.71569,0.1,14.504,14.896,0.1,7.884349,8.276349
meristem10-tb-2022-5-31,meristem10-tb-2022-5-31,tb,meristem,meristem,y,2022,5,31,meristem10-tb-2022-5-31,tidepool,,NA,submerged,7.5,4,high,no,,no,no,no,,,field,,,,NA,NA,,3,17.26,0.18193405,3,8.041781,0.005566738,3,17.66667,0.4163332,0.105039675,17.054122,17.46588,0.24037009,17.195541,18.13779,0.24037009,7.570656,8.512907
meristem10-tb-2022-6-14,meristem10-tb-2022-6-14,tb,meristem,meristem,y,2022,6,14,meristem10-tb-2022-6-14,tidepool,,20,submerged,14,5.5,low,no,,yes,no,no,no,,field,yes,D-1,,NA,NA,,3,12,0,3,NA,NA,3,NA,NA,0,12,12,NA,NA,NA,NA,NA,NA
meristem10-tb-2022-6-28,meristem10-tb-2022-6-28,tb,meristem,meristem,y,2022,6,28,meristem10-tb-2022-6-28,tidepool,,NA,submerged,8.5,3.5,low,yes,,yes,,,,,field,,,,NA,NA,,3,15.44,0.84504438,3,8.046602,0.005566738,3,17.36667,0.51316014,0.487886599,14.483742,16.39626,0.29627315,16.785971,17.94736,0.29627315,7.465907,8.627298
meristem10-tb-2022-7-27,meristem10-tb-2022-7-27,tb,meristem,meristem,y,2022,7,27,meristem10-tb-2022-7-27,tidepool,,NA,submerged,14,5.5,med,,,,,,y,,field,,,,NA,NA,from near seawall,3,19.76333,0.70030945,3,8.001607,0.028248111,3,20.93333,2.19620886,0.404323853,18.970859,20.55581,1.26798177,18.448089,23.41858,1.26798177,5.516363,10.486851
meristem11-tb-2022-5-17,meristem11-tb-2022-5-17,tb,meristem,meristem,y,2022,5,17,meristem11-tb-2022-5-17,tidepool,,NA,submerged,42,13.5,med,yes,,no,no,,,,field,,,,NA,NA,,3,21.43333,0.2145538,3,8.081956,0.004820937,3,14.7,0.43588989,0.123872695,21.190543,21.67612,0.25166115,14.206744,15.19326,0.25166115,7.5887,8.575212
meristem11-tb-2022-5-31,meristem11-tb-2022-5-31,tb,meristem,meristem,y,2022,5,31,meristem11-tb-2022-5-31,tidepool,,NA,submerged,28,6.5,high,no,,no,no,no,,,field,,,,NA,NA,,3,17.26,0.18193405,3,8.041781,0.005566738,3,17.66667,0.4163332,0.105039675,17.054122,17.46588,0.24037009,17.195541,18.13779,0.24037009,7.570656,8.512907
meristem11-tb-2022-7-12,meristem11-tb-2022-7-12,tb,meristem,meristem,y,2022,7,12,meristem11-tb-2022-7-12,tidepool,,NA,submerged,9.5,4,m,,,,,,,,field,,,,NA,NA,,3,14.38333,0.68237331,3,7.998393,0.019483584,3,21.26667,1.56311654,0.393968414,13.611155,15.15551,0.90246576,19.497834,23.0355,0.90246576,6.22956,9.767226
meristem11-tb-2022-7-27,meristem11-tb-2022-7-27,tb,meristem,meristem,y,2022,7,27,meristem11-tb-2022-7-27,tidepool,,NA,submerged,32.5,5.5,med,,,y,,y,,,field,,,,NA,NA,from near seawall,3,19.76333,0.70030945,3,8.001607,0.028248111,3,20.93333,2.19620886,0.404323853,18.970859,20.55581,1.26798177,18.448089,23.41858,1.26798177,5.516363,10.486851
meristem12-gw-2022-7-27,meristem12-gw-2022-7-27,gw,meristem,meristem,y,2022,7,27,meristem12-gw-2022-7-27,ocean,,20,submerged,NA,NA,,,,,,,,,field,,D-1,,NA,NA,,3,27.35333,0.54270925,3,8.056244,0.007364102,3,16.53333,0.4163332,0.313333333,26.7392,27.96747,0.24037009,16.062208,17.00446,0.24037009,7.585119,8.52737
meristem12-tb-2022-5-31,meristem12-tb-2022-5-31,tb,meristem,meristem,y,2022,5,31,meristem12-tb-2022-5-31,tidepool,,NA,submerged,48.5,11.5,high,yes,,no,no,no,,,field,,,,NA,NA,,3,17.26,0.18193405,3,8.041781,0.005566738,3,17.66667,0.4163332,0.105039675,17.054122,17.46588,0.24037009,17.195541,18.13779,0.24037009,7.570656,8.512907
meristem12-tb-2022-6-14,meristem12-tb-2022-6-14,tb,meristem,meristem,y,2022,6,14,meristem12-tb-2022-6-14,tidepool,,20,submerged,12,6.5,high,no,,no,no,no,no,,field,yes,D-1,,NA,NA,,3,12,0,3,NA,NA,3,NA,NA,0,12,12,NA,NA,NA,NA,NA,NA
meristem12-tb-2022-6-28,meristem12-tb-2022-6-28,tb,meristem,meristem,y,2022,6,28,meristem12-tb-2022-6-28,tidepool,,NA,submerged,9,4.5,med,no,,no,,,,,field,,,,NA,NA,,3,15.44,0.84504438,3,8.046602,0.005566738,3,17.36667,0.51316014,0.487886599,14.483742,16.39626,0.29627315,16.785971,17.94736,0.29627315,7.465907,8.627298
meristem12-tb-2022-7-12,meristem12-tb-2022-7-12,tb,meristem,meristem,y,2022,7,12,meristem12-tb-2022-7-12,tidepool,,NA,submerged,14.5,5.5,m,,,,,,,,field,,,,NA,NA,,3,14.38333,0.68237331,3,7.998393,0.019483584,3,21.26667,1.56311654,0.393968414,13.611155,15.15551,0.90246576,19.497834,23.0355,0.90246576,6.22956,9.767226
meristem13-gw-2022-5-31,meristem13-gw-2022-5-31,gw,meristem,meristem,y,2022,5,31,meristem13-gw-2022-5-31,ocean,,10,submerged,NA,NA,,,,,,,,,field,yes,D-1,,NA,NA,,3,25.54333,0.306159,3,8.091598,0.008350107,3,13.83333,0.47258156,0.176760981,25.196882,25.88978,0.27284509,13.298557,14.36811,0.27284509,7.556821,8.626374
meristem13-gw-2022-6-28,meristem13-gw-2022-6-28,gw,meristem,meristem,y,2022,6,28,meristem13-gw-2022-6-28,ocean,,10,submerged,NA,NA,,,,,,,,,field,,D-1,,NA,NA,,3,23.72667,0.16862187,3,8.080349,0.002783369,3,14.63333,0.15275252,0.097353879,23.535853,23.91748,0.08819171,14.460478,14.80619,0.08819171,7.907493,8.253205
meristem13-gw-2022-7-12,meristem13-gw-2022-7-12,gw,meristem,meristem,y,2022,7,12,meristem13-gw-2022-7-12,ocean,,10,submerged,NA,NA,,,,,,,,,field,,D-1,,NA,NA,,3,25.36,0.31432467,3,8.080349,0.002783369,3,14.7,0.17320508,0.181475435,25.004308,25.71569,0.1,14.504,14.896,0.1,7.884349,8.276349
meristem16gw202253,meristem16gw202253,gw,meristem,meristem,y,2022,5,3,meristem16gw202253,ocean,,10,submerged,NA,NA,,,,,,,,,field,yes,D-1,,NA,NA,,3,27.76333,0.06806859,3,8.1382,0.002783369,3,10.3,0.1,0.03929942,27.686306,27.84036,0.05773503,10.186839,10.41316,0.05773503,8.02504,8.251361
meristem16-gw-2022-6-28,meristem16-gw-2022-6-28,gw,meristem,meristem,y,2022,6,28,meristem16-gw-2022-6-28,ocean,,10,submerged,NA,NA,,,,,,,,,field,,D-1,,NA,NA,,3,23.72667,0.16862187,3,8.080349,0.002783369,3,14.63333,0.15275252,0.097353879,23.535853,23.91748,0.08819171,14.460478,14.80619,0.08819171,7.907493,8.253205
meristem1-cp-2022-4-18,meristem1-cp-2022-4-18,cp,meristem,meristem,y,2022,4,18,meristem1-cp-2022-4-18,ocean,,NA,submerged,5.842,2.032,low,no,,no,,,,,field,,,,NA,NA,,3,30,0,3,NA,NA,3,NA,NA,0,30,30,NA,NA,NA,NA,NA,NA
meristem1-cp-2022-5-30,meristem1-cp-2022-5-30,cp,meristem,meristem,y,2022,5,30,meristem1-cp-2022-5-30,ocean,,NA,submerged,12.5,9.5,med,no,,no,no,no,,,field,,,,NA,NA,,3,22.43333,0.0305505,3,8.112489,0.002783369,3,12.3,0.2,0.017638342,22.398762,22.4679,0.11547005,12.073679,12.52632,0.11547005,7.886167,8.33881
meristem1-cp-2022-6-27,meristem1-cp-2022-6-27,cp,meristem,meristem,y,2022,6,27,meristem1-cp-2022-6-27,ocean,,NA,submerged,65,20.5,med,no,,no,no,no,no,,field,,,,NA,NA,,3,23.2,0.07937254,3,8.051423,0.002783369,3,16.7,0,0.045825757,23.110182,23.28982,0,16.7,16.7,0,8.051423,8.051423
meristem1-cp-2022-7-13,meristem1-cp-2022-7-13,cp,meristem,meristem,y,2022,7,13,meristem1-cp-2022-7-13,ocean,,NA,submerged,48,15,m,no,,,,,,,field,,,,NA,NA,,3,24.24,0.01,3,8.057851,0,3,16.56667,0.11547005,0.005773503,24.228684,24.25132,0.06666667,16.436,16.69733,0.06666667,7.927185,8.188518
meristem1-gw-2022-5-17,meristem1-gw-2022-5-17,gw,meristem,meristem,y,2022,5,17,meristem1-gw-2022-5-17,ocean,,30,submerged,23,8,low,no,,no,no,,,,field,yes,D-1,,NA,NA,,3,26.81667,0.08386497,3,8.134986,0,3,10.6,0.17320508,0.048419463,26.721765,26.91157,0.1,10.404,10.796,0.1,7.938986,8.330986
meristem1-gw-2022-5-3,meristem1-gw-2022-5-3,gw,meristem,meristem,y,2022,5,3,meristem1-gw-2022-5-3,ocean,,30,submerged,43,16,low,no,,no,,,,,field,yes,D-1,,NA,NA,,3,27.76333,0.06806859,3,8.1382,0.002783369,3,10.3,0.1,0.03929942,27.686306,27.84036,0.05773503,10.186839,10.41316,0.05773503,8.02504,8.251361
meristem1-gw-2022-5-31,meristem1-gw-2022-5-31,gw,meristem,meristem,y,2022,5,31,meristem1-gw-2022-5-31,ocean,,30,submerged,57,15,high,no,,no,no,no,,,field,yes,D-1,,NA,NA,,3,25.54333,0.306159,3,8.091598,0.008350107,3,13.83333,0.47258156,0.176760981,25.196882,25.88978,0.27284509,13.298557,14.36811,0.27284509,7.556821,8.626374
meristem1-gw-2022-6-14,meristem1-gw-2022-6-14,gw,meristem,meristem,y,2022,6,14,meristem1-gw-2022-6-14,ocean,,30,submerged,104,25,high,no,,no,no,no,no,no,field,,D-1,,NA,NA,,3,25.66667,0.57735027,3,NA,NA,3,NA,NA,0.333333333,25.013333,26.32,NA,NA,NA,NA,NA,NA
meristem1-gw-2022-6-28,meristem1-gw-2022-6-28,gw,meristem,meristem,y,2022,6,28,meristem1-gw-2022-6-28,ocean,,30,submerged,38,9,sev,yes,,no,,,,,field,,D-1,,NA,NA,,3,23.72667,0.16862187,3,8.080349,0.002783369,3,14.63333,0.15275252,0.097353879,23.535853,23.91748,0.08819171,14.460478,14.80619,0.08819171,7.907493,8.253205
meristem1-gw-2022-7-12,meristem1-gw-2022-7-12,gw,meristem,meristem,y,2022,7,12,meristem1-gw-2022-7-12,ocean,,30,submerged,28.5,9.5,m,,,,,,,y,field,,D-1,,NA,NA,,3,25.36,0.31432467,3,8.080349,0.002783369,3,14.7,0.17320508,0.181475435,25.004308,25.71569,0.1,14.504,14.896,0.1,7.884349,8.276349
meristem1-scp-2022-5-2,meristem1-scp-2022-5-2,scp,meristem,meristem,y,2022,5,2,meristem1-scp-2022-5-2,ocean,,NA,submerged,28,5,med,yes,,no,,,,,field,,,,NA,NA,,3,25.42333,0.13051181,3,8.125344,0,3,11.23333,0.05773503,0.07535103,25.275645,25.57102,0.03333333,11.168,11.29867,0.03333333,8.060011,8.190678
meristem1-scp-2022-5-30,meristem1-scp-2022-5-30,scp,meristem,meristem,y,2022,5,30,meristem1-scp-2022-5-30,ocean,,NA,submerged,23,7,low,no,,no,no,no,,,field,,,,NA,NA,,3,16.73333,0.11718931,3,8.096419,0,3,13.53333,0.15275252,0.067659277,16.600721,16.86595,0.08819171,13.360478,13.70619,0.08819171,7.923563,8.269274
meristem1-scp-2022-6-13,meristem1-scp-2022-6-13,scp,meristem,meristem,y,2022,6,13,meristem1-scp-2022-6-13,ocean,,NA,submerged,26,2.5,low,no,,no,,,,,field,,,,NA,NA,,3,18,0,3,NA,NA,3,NA,NA,0,18,18,NA,NA,NA,NA,NA,NA
meristem1-scp-2022-6-27,meristem1-scp-2022-6-27,scp,meristem,meristem,y,2022,6,27,meristem1-scp-2022-6-27,ocean,,NA,submerged,20.5,5.5,med,no,,no,no,no,no,,field,,,,NA,NA,,3,19.50667,0.37554405,3,8.067493,0,3,15.66667,0.05773503,0.216820458,19.081699,19.93163,0.03333333,15.601333,15.732,0.03333333,8.00216,8.132826
meristem1-scp-2022-7-13,meristem1-scp-2022-7-13,scp,meristem,meristem,y,2022,7,13,meristem1-scp-2022-7-13,ocean,,NA,submerged,20,7,l,yes,,,,,,,field,,,,NA,NA,,3,18.07333,0.21126602,3,8.038567,0,3,17.96667,0.05773503,0.121974496,17.834263,18.3124,0.03333333,17.901333,18.032,0.03333333,7.973234,8.103901
meristem1-scp-2022-7-26,meristem1-scp-2022-7-26,scp,meristem,meristem,y,2022,7,26,meristem1-scp-2022-7-26,ocean,,NA,submerged,28,7,m,no,,no,,,y,,field,,,,NA,NA,,3,24.73333,0.69407012,3,8.065886,0.007364102,3,15.83333,0.55075706,0.400721571,23.947919,25.51875,0.31797973,15.210093,16.45657,0.31797973,7.442646,8.689126
meristem1-tb-2022-4-19,meristem1-tb-2022-4-19,tb,meristem,meristem,y,2022,4,19,meristem1-tb-2022-4-19,ocean,,NA,submerged,21,4.5,low,no,,no,,,,,field,,,,NA,NA,,3,27.66667,0.57735027,3,NA,NA,3,NA,NA,0.333333333,27.013333,28.32,NA,NA,NA,NA,NA,NA
meristem1-tb-2022-5-3,meristem1-tb-2022-5-3,tb,meristem,meristem,y,2022,5,3,meristem1-tb-2022-5-3,ocean,,NA,submerged,39,8,med,yes,,no,,,,,field,,,,NA,NA,,3,24.59,0.02645751,3,8.120523,0,3,11.76667,0.05773503,0.015275252,24.560061,24.61994,0.03333333,11.701333,11.832,0.03333333,8.05519,8.185857
meristem1-tb-2022-5-31,meristem1-tb-2022-5-31,tb,meristem,meristem,y,2022,5,31,meristem1-tb-2022-5-31,ocean,,NA,submerged,15.5,2.5,low,yes,,no,no,no,,,field,,,,NA,NA,,3,16.57667,0.28041636,3,8.073921,0.002783369,3,15.2,0.26457513,0.161898459,16.259346,16.89399,0.15275252,14.900605,15.49939,0.15275252,7.774526,8.373316
meristem1-tb-2022-6-14,meristem1-tb-2022-6-14,tb,meristem,meristem,y,2022,6,14,meristem1-tb-2022-6-14,ocean,,30,submerged,26,7,low,yes,,no,no,no,no,,field,yes,D-1,,NA,NA,,3,12,0,3,NA,NA,3,NA,NA,0,12,12,NA,NA,NA,NA,NA,NA
meristem1-tb-2022-6-28,meristem1-tb-2022-6-28,tb,meristem,meristem,y,2022,6,28,meristem1-tb-2022-6-28,ocean,,NA,submerged,18,4.5,sev,yes,,yes,,,,,field,,,,NA,NA,,3,16.45333,0.16921387,3,8.054637,0.005566739,3,16.63333,0.05773503,0.097695673,16.26185,16.64482,0.03333333,16.568,16.69867,0.03333333,7.989304,8.119971
meristem2-cp-2022-4-18,meristem2-cp-2022-4-18,cp,meristem,meristem,y,2022,4,18,meristem2-cp-2022-4-18,ocean,,NA,submerged,4.318,1.778,low,no,,no,,,,,field,,,,NA,NA,,3,30,0,3,NA,NA,3,NA,NA,0,30,30,NA,NA,NA,NA,NA,NA
meristem2-cp-2022-5-30,meristem2-cp-2022-5-30,cp,meristem,meristem,y,2022,5,30,meristem2-cp-2022-5-30,ocean,,NA,submerged,39,20,med,no,,no,no,no,,,field,,,,NA,NA,,3,22.43333,0.0305505,3,8.112489,0.002783369,3,12.3,0.2,0.017638342,22.398762,22.4679,0.11547005,12.073679,12.52632,0.11547005,7.886167,8.33881
meristem2-cp-2022-6-27,meristem2-cp-2022-6-27,cp,meristem,meristem,y,2022,6,27,meristem2-cp-2022-6-27,ocean,,NA,submerged,68,13,low,no,,no,no,no,no,,field,,,,NA,NA,,3,23.2,0.07937254,3,8.051423,0.002783369,3,16.7,0,0.045825757,23.110182,23.28982,0,16.7,16.7,0,8.051423,8.051423
meristem2-cp-2022-7-13,meristem2-cp-2022-7-13,cp,meristem,meristem,y,2022,7,13,meristem2-cp-2022-7-13,ocean,,NA,submerged,108,28,m,yes,,,,,,,field,,,,NA,NA,,3,24.24,0.01,3,8.057851,0,3,16.56667,0.11547005,0.005773503,24.228684,24.25132,0.06666667,16.436,16.69733,0.06666667,7.927185,8.188518
meristem2-cp-2022-7-26,meristem2-cp-2022-7-26,cp,meristem,meristem,y,2022,7,26,meristem2-cp-2022-7-26,ocean,,NA,submerged,7,4.5,m,no,,no,,,,,field,,,,NA,NA,,3,25.52333,0.23860707,3,8.038567,0,3,18.13333,0.2081666,0.137759855,25.253324,25.79334,0.12018504,17.897771,18.3689,0.12018504,7.803005,8.27413
meristem2-gw-2022-4-19,meristem2-gw-2022-4-19,gw,meristem,meristem,y,2022,4,19,meristem2-gw-2022-4-19,ocean,,20,submerged,29.4,17,low,no,,no,,,,,field,yes,D-1,,NA,NA,no innert lab surface/water at t=0,3,32.33333,0.57735027,3,NA,NA,3,NA,NA,0.333333333,31.68,32.98667,NA,NA,NA,NA,NA,NA
meristem2-scp-2022-5-16,meristem2-scp-2022-5-16,scp,meristem,meristem,y,2022,5,16,meristem2-scp-2022-5-16,ocean,,NA,submerged,166,22.5,med,no,,no,yes,,,,field,,,,NA,NA,says cp on tube,3,22.23,0.49689033,3,8.128558,0.002783369,3,10.96667,0.25166115,0.286879766,21.667716,22.79228,0.14529663,10.681885,11.25145,0.14529663,7.843777,8.41334
meristem2-scp-2022-5-2,meristem2-scp-2022-5-2,scp,meristem,meristem,y,2022,5,2,meristem2-scp-2022-5-2,ocean,,NA,submerged,9,3,low,no,,no,,,,,field,,,,NA,NA,,3,25.42333,0.13051181,3,8.125344,0,3,11.23333,0.05773503,0.07535103,25.275645,25.57102,0.03333333,11.168,11.29867,0.03333333,8.060011,8.190678
meristem2-scp-2022-6-27,meristem2-scp-2022-6-27,scp,meristem,meristem,y,2022,6,27,meristem2-scp-2022-6-27,ocean,,NA,submerged,19,5.5,sev,yes,,yes,no,no,no,,field,,,,NA,NA,,3,19.50667,0.37554405,3,8.067493,0,3,15.66667,0.05773503,0.216820458,19.081699,19.93163,0.03333333,15.601333,15.732,0.03333333,8.00216,8.132826
meristem2-scp-2022-7-13,meristem2-scp-2022-7-13,scp,meristem,meristem,y,2022,7,13,meristem2-scp-2022-7-13,ocean,,NA,submerged,10.5,4.5,l,,,,,,,,field,,,,NA,NA,,3,18.07333,0.21126602,3,8.038567,0,3,17.96667,0.05773503,0.121974496,17.834263,18.3124,0.03333333,17.901333,18.032,0.03333333,7.973234,8.103901
meristem2-scp-2022-7-26,meristem2-scp-2022-7-26,scp,meristem,meristem,y,2022,7,26,meristem2-scp-2022-7-26,ocean,,NA,submerged,24,5.5,l,no,,no,,,y,,field,,,,NA,NA,,3,24.73333,0.69407012,3,8.065886,0.007364102,3,15.83333,0.55075706,0.400721571,23.947919,25.51875,0.31797973,15.210093,16.45657,0.31797973,7.442646,8.689126
meristem2-tb-2022-5-17,meristem2-tb-2022-5-17,tb,meristem,meristem,y,2022,5,17,meristem2-tb-2022-5-17,ocean,,NA,submerged,10.5,4.5,low,yes,,no,no,,,,field,,,,NA,NA,,3,21.18,0.45033321,3,8.107668,0.005566739,3,12.63333,0.57735027,0.26,20.6704,21.6896,0.33333333,11.98,13.28667,0.33333333,7.454334,8.761001
meristem2-tb-2022-5-3,meristem2-tb-2022-5-3,tb,meristem,meristem,y,2022,5,3,meristem2-tb-2022-5-3,ocean,,NA,submerged,13,4.5,med,no,,no,,,,,field,,,,NA,NA,,3,24.59,0.02645751,3,8.120523,0,3,11.76667,0.05773503,0.015275252,24.560061,24.61994,0.03333333,11.701333,11.832,0.03333333,8.05519,8.185857
meristem2-tb-2022-5-31,meristem2-tb-2022-5-31,tb,meristem,meristem,y,2022,5,31,meristem2-tb-2022-5-31,ocean,,NA,submerged,8,2,low,yes,,no,no,no,,,field,,,,NA,NA,,3,16.57667,0.28041636,3,8.073921,0.002783369,3,15.2,0.26457513,0.161898459,16.259346,16.89399,0.15275252,14.900605,15.49939,0.15275252,7.774526,8.373316
meristem2-tb-2022-6-14,meristem2-tb-2022-6-14,tb,meristem,meristem,y,2022,6,14,meristem2-tb-2022-6-14,ocean,,30,submerged,19,7.5,low,no,,yes,no,no,no,,field,yes,D-1,,NA,NA,,3,12,0,3,NA,NA,3,NA,NA,0,12,12,NA,NA,NA,NA,NA,NA
meristem2-tb-2022-6-28,meristem2-tb-2022-6-28,tb,meristem,meristem,y,2022,6,28,meristem2-tb-2022-6-28,ocean,,NA,submerged,15,2,sev,yes,,yes,,,,,field,,,,NA,NA,,3,16.45333,0.16921387,3,8.054637,0.005566739,3,16.63333,0.05773503,0.097695673,16.26185,16.64482,0.03333333,16.568,16.69867,0.03333333,7.989304,8.119971
meristem3-cp-2022-4-18,meristem3-cp-2022-4-18,cp,meristem,meristem,y,2022,4,18,meristem3-cp-2022-4-18,ocean,,NA,submerged,8.128,2.032,low,no,,no,,,,,field,,,,NA,NA,,3,30,0,3,NA,NA,3,NA,NA,0,30,30,NA,NA,NA,NA,NA,NA
meristem3-cp-2022-5-16,meristem3-cp-2022-5-16,cp,meristem,meristem,y,2022,5,16,meristem3-cp-2022-5-16,ocean,,NA,submerged,38,18,med,yes,,yes,,,,,field,,,,NA,NA,say SCP on tube,3,21.13,0.15099669,3,8.131772,0.002783369,3,10.9,0.26457513,0.087177979,20.959131,21.30087,0.15275252,10.600605,11.19939,0.15275252,7.832377,8.431167
meristem3-cp-2022-6-27,meristem3-cp-2022-6-27,cp,meristem,meristem,y,2022,6,27,meristem3-cp-2022-6-27,ocean,,NA,submerged,34.5,11.5,low,no,,no,no,no,no,,field,,,,NA,NA,,3,23.2,0.07937254,3,8.051423,0.002783369,3,16.7,0,0.045825757,23.110182,23.28982,0,16.7,16.7,0,8.051423,8.051423
meristem3-cp-2022-7-13,meristem3-cp-2022-7-13,cp,meristem,meristem,y,2022,7,13,meristem3-cp-2022-7-13,ocean,,NA,submerged,67,19,l,yes,,,,,,,field,,,,NA,NA,look terrible,3,24.24,0.01,3,8.057851,0,3,16.56667,0.11547005,0.005773503,24.228684,24.25132,0.06666667,16.436,16.69733,0.06666667,7.927185,8.188518
meristem3-cp-2022-7-26,meristem3-cp-2022-7-26,cp,meristem,meristem,y,2022,7,26,meristem3-cp-2022-7-26,ocean,,NA,submerged,24,7.5,m,no,,no,,,,,field,,,,NA,NA,,3,25.52333,0.23860707,3,8.038567,0,3,18.13333,0.2081666,0.137759855,25.253324,25.79334,0.12018504,17.897771,18.3689,0.12018504,7.803005,8.27413
meristem3-gw-2022-4-19,meristem3-gw-2022-4-19,gw,meristem,meristem,y,2022,4,19,meristem3-gw-2022-4-19,ocean,,10,submerged,33.5,15.5,low,no,,no,,,,,field,yes,D-1,,NA,NA,no innert lab surface/water at t=0,3,32.33333,0.57735027,3,NA,NA,3,NA,NA,0.333333333,31.68,32.98667,NA,NA,NA,NA,NA,NA
meristem3-scp-2022-4-18,meristem3-scp-2022-4-18,scp,meristem,meristem,y,2022,4,18,meristem3-scp-2022-4-18,ocean,,NA,submerged,14.5,4,low,no,,no,,,,,field,,,,NA,NA,,3,28.33333,2.88675135,3,NA,NA,3,NA,NA,1.666666667,25.066667,31.6,NA,NA,NA,NA,NA,NA
meristem3-scp-2022-5-16,meristem3-scp-2022-5-16,scp,meristem,meristem,y,2022,5,16,meristem3-scp-2022-5-16,ocean,,NA,submerged,36,14,low,no,,no,no,,,,field,,,,NA,NA,strange morphology (maybe costaria hybrid but probably not) and says SCP on tube,3,22.23,0.49689033,3,8.128558,0.002783369,3,10.96667,0.25166115,0.286879766,21.667716,22.79228,0.14529663,10.681885,11.25145,0.14529663,7.843777,8.41334
meristem3-scp-2022-5-2,meristem3-scp-2022-5-2,scp,meristem,meristem,y,2022,5,2,meristem3-scp-2022-5-2,ocean,,NA,submerged,32,8,low,no,,no,,,,,field,,,,NA,NA,,3,25.42333,0.13051181,3,8.125344,0,3,11.23333,0.05773503,0.07535103,25.275645,25.57102,0.03333333,11.168,11.29867,0.03333333,8.060011,8.190678
meristem3-scp-2022-5-30,meristem3-scp-2022-5-30,scp,meristem,meristem,y,2022,5,30,meristem3-scp-2022-5-30,ocean,,NA,submerged,47,12,med,no,,no,no,no,,,field,,,,NA,NA,,3,16.73333,0.11718931,3,8.096419,0,3,13.53333,0.15275252,0.067659277,16.600721,16.86595,0.08819171,13.360478,13.70619,0.08819171,7.923563,8.269274
meristem3-scp-2022-6-27,meristem3-scp-2022-6-27,scp,meristem,meristem,y,2022,6,27,meristem3-scp-2022-6-27,ocean,,NA,submerged,15.5,6.5,med,yes,,no,no,no,no,,field,,,,NA,NA,,3,19.50667,0.37554405,3,8.067493,0,3,15.66667,0.05773503,0.216820458,19.081699,19.93163,0.03333333,15.601333,15.732,0.03333333,8.00216,8.132826
meristem3-scp-2022-7-13,meristem3-scp-2022-7-13,scp,meristem,meristem,y,2022,7,13,meristem3-scp-2022-7-13,ocean,,NA,submerged,21,5.5,l,,,,,,,,field,,,,NA,NA,,3,18.07333,0.21126602,3,8.038567,0,3,17.96667,0.05773503,0.121974496,17.834263,18.3124,0.03333333,17.901333,18.032,0.03333333,7.973234,8.103901
meristem3-scp-2022-7-26,meristem3-scp-2022-7-26,scp,meristem,meristem,y,2022,7,26,meristem3-scp-2022-7-26,ocean,,NA,submerged,19,5.5,l,no,,no,,,,,field,,,,NA,NA,,3,24.73333,0.69407012,3,8.065886,0.007364102,3,15.83333,0.55075706,0.400721571,23.947919,25.51875,0.31797973,15.210093,16.45657,0.31797973,7.442646,8.689126
meristem3-tb-2022-4-19,meristem3-tb-2022-4-19,tb,meristem,meristem,y,2022,4,19,meristem3-tb-2022-4-19,ocean,,NA,submerged,5.8,2.2,low,no,,no,,,,,field,,,,NA,NA,,3,27.66667,0.57735027,3,NA,NA,3,NA,NA,0.333333333,27.013333,28.32,NA,NA,NA,NA,NA,NA
meristem3-tb-2022-6-14,meristem3-tb-2022-6-14,tb,meristem,meristem,y,2022,6,14,meristem3-tb-2022-6-14,ocean,,30,submerged,53,6.5,low,no,,no,yes,no,no,,field,yes,D-1,,NA,NA,,3,12,0,3,NA,NA,3,NA,NA,0,12,12,NA,NA,NA,NA,NA,NA
meristem3-tb-2022-6-28,meristem3-tb-2022-6-28,tb,meristem,meristem,y,2022,6,28,meristem3-tb-2022-6-28,ocean,,NA,submerged,19,6,sev,no,,no,,,,,field,,,,NA,NA,,3,16.45333,0.16921387,3,8.054637,0.005566739,3,16.63333,0.05773503,0.097695673,16.26185,16.64482,0.03333333,16.568,16.69867,0.03333333,7.989304,8.119971
meristem4-cp-2022-4-18,meristem4-cp-2022-4-18,cp,meristem,meristem,y,2022,4,18,meristem4-cp-2022-4-18,ocean,,NA,submerged,7.62,2.286,low,no,,no,,,,,field,,,,NA,NA,,3,30,0,3,NA,NA,3,NA,NA,0,30,30,NA,NA,NA,NA,NA,NA
meristem4-cp-2022-5-2,meristem4-cp-2022-5-2,cp,meristem,meristem,y,2022,5,2,meristem4-cp-2022-5-2,ocean,,NA,submerged,63,24,low,no,,no,,,,,field,,,,NA,NA,,3,24.55333,0.46576103,3,8.134986,0,3,10.5,0.1,0.268907254,24.026275,25.08039,0.05773503,10.386839,10.61316,0.05773503,8.021826,8.248147
meristem4-cp-2022-5-30,meristem4-cp-2022-5-30,cp,meristem,meristem,y,2022,5,30,meristem4-cp-2022-5-30,ocean,,NA,submerged,39,19,low,no,,no,no,no,,,field,,,,NA,NA,,3,22.43333,0.0305505,3,8.112489,0.002783369,3,12.3,0.2,0.017638342,22.398762,22.4679,0.11547005,12.073679,12.52632,0.11547005,7.886167,8.33881
meristem4-cp-2022-6-13,meristem4-cp-2022-6-13,cp,meristem,meristem,y,2022,6,13,meristem4-cp-2022-6-13,ocean,,NA,submerged,40.5,12.5,med,yes,,no,,,,,field,,,,NA,NA,,3,22,0,3,NA,NA,3,NA,NA,0,22,22,NA,NA,NA,NA,NA,NA
meristem4-cp-2022-6-27,meristem4-cp-2022-6-27,cp,meristem,meristem,y,2022,6,27,meristem4-cp-2022-6-27,ocean,,NA,submerged,52.5,17,med,yes,,no,no,no,no,,field,,,,NA,NA,,3,23.2,0.07937254,3,8.051423,0.002783369,3,16.7,0,0.045825757,23.110182,23.28982,0,16.7,16.7,0,8.051423,8.051423
meristem4-cp-2022-7-13,meristem4-cp-2022-7-13,cp,meristem,meristem,y,2022,7,13,meristem4-cp-2022-7-13,ocean,,NA,submerged,57,13,l,yes,,,,,,,field,,,,NA,NA,look terrible,3,24.24,0.01,3,8.057851,0,3,16.56667,0.11547005,0.005773503,24.228684,24.25132,0.06666667,16.436,16.69733,0.06666667,7.927185,8.188518
meristem4-cp-2022-7-26,meristem4-cp-2022-7-26,cp,meristem,meristem,y,2022,7,26,meristem4-cp-2022-7-26,ocean,,NA,submerged,10,4.5,l,no,,no,,,,,field,,,,NA,NA,,3,25.52333,0.23860707,3,8.038567,0,3,18.13333,0.2081666,0.137759855,25.253324,25.79334,0.12018504,17.897771,18.3689,0.12018504,7.803005,8.27413
meristem4-gw-2022-4-19,meristem4-gw-2022-4-19,gw,meristem,meristem,y,2022,4,19,meristem4-gw-2022-4-19,ocean,,30,submerged,33,14,low,no,,no,,,,,field,yes,D-1,,NA,NA,no innert lab surface/water at t=0,3,32.33333,0.57735027,3,NA,NA,3,NA,NA,0.333333333,31.68,32.98667,NA,NA,NA,NA,NA,NA
meristem4-gw-2022-5-3,meristem4-gw-2022-5-3,gw,meristem,meristem,y,2022,5,3,meristem4-gw-2022-5-3,ocean,,30,submerged,35,14.5,med,no,,no,,,,,field,yes,D-1,,NA,NA,,3,27.76333,0.06806859,3,8.1382,0.002783369,3,10.3,0.1,0.03929942,27.686306,27.84036,0.05773503,10.186839,10.41316,0.05773503,8.02504,8.251361
meristem4-gw-2022-6-14,meristem4-gw-2022-6-14,gw,meristem,meristem,y,2022,6,14,meristem4-gw-2022-6-14,ocean,,30,submerged,38,11,med,no,,no,no,no,no,yes,field,,D-1,,NA,NA,,3,25.66667,0.57735027,3,NA,NA,3,NA,NA,0.333333333,25.013333,26.32,NA,NA,NA,NA,NA,NA
meristem4-gw-2022-6-28,meristem4-gw-2022-6-28,gw,meristem,meristem,y,2022,6,28,meristem4-gw-2022-6-28,ocean,,30,submerged,12,6.5,sev,yes,,no,,,,,field,,D-1,,NA,NA,,3,23.72667,0.16862187,3,8.080349,0.002783369,3,14.63333,0.15275252,0.097353879,23.535853,23.91748,0.08819171,14.460478,14.80619,0.08819171,7.907493,8.253205
meristem4-gw-2022-7-12,meristem4-gw-2022-7-12,gw,meristem,meristem,y,2022,7,12,meristem4-gw-2022-7-12,ocean,,30,submerged,21,7.5,m,yes,,,,,,,field,,D-1,,NA,NA,,3,25.36,0.31432467,3,8.080349,0.002783369,3,14.7,0.17320508,0.181475435,25.004308,25.71569,0.1,14.504,14.896,0.1,7.884349,8.276349
meristem4-scp-2022-4-18,meristem4-scp-2022-4-18,scp,meristem,meristem,y,2022,4,18,meristem4-scp-2022-4-18,ocean,,NA,submerged,40.5,9,low,no,,no,,,,,field,,,,NA,NA,,3,28.33333,2.88675135,3,NA,NA,3,NA,NA,1.666666667,25.066667,31.6,NA,NA,NA,NA,NA,NA
meristem4-scp-2022-5-16,meristem4-scp-2022-5-16,scp,meristem,meristem,y,2022,5,16,meristem4-scp-2022-5-16,ocean,,NA,submerged,39,14,low,no,,no,no,,,,field,,,,NA,NA,says cp on tube,3,22.23,0.49689033,3,8.128558,0.002783369,3,10.96667,0.25166115,0.286879766,21.667716,22.79228,0.14529663,10.681885,11.25145,0.14529663,7.843777,8.41334
meristem4-scp-2022-5-2,meristem4-scp-2022-5-2,scp,meristem,meristem,y,2022,5,2,meristem4-scp-2022-5-2,ocean,,NA,submerged,6,4,low,no,,no,,,,,field,,,,NA,NA,,3,25.42333,0.13051181,3,8.125344,0,3,11.23333,0.05773503,0.07535103,25.275645,25.57102,0.03333333,11.168,11.29867,0.03333333,8.060011,8.190678
meristem4-scp-2022-6-13,meristem4-scp-2022-6-13,scp,meristem,meristem,y,2022,6,13,meristem4-scp-2022-6-13,ocean,,NA,submerged,39,11,med,no,,no,,,,,field,,,,NA,NA,,3,18,0,3,NA,NA,3,NA,NA,0,18,18,NA,NA,NA,NA,NA,NA
meristem4-scp-2022-6-27,meristem4-scp-2022-6-27,scp,meristem,meristem,y,2022,6,27,meristem4-scp-2022-6-27,ocean,,NA,submerged,18,6,sev,no,,yes,no,no,no,,field,,,,NA,NA,,3,19.50667,0.37554405,3,8.067493,0,3,15.66667,0.05773503,0.216820458,19.081699,19.93163,0.03333333,15.601333,15.732,0.03333333,8.00216,8.132826
meristem4-scp-2022-7-13,meristem4-scp-2022-7-13,scp,meristem,meristem,y,2022,7,13,meristem4-scp-2022-7-13,ocean,,NA,submerged,19.5,11,m,,,,,,y,,field,,,,NA,NA,,3,18.07333,0.21126602,3,8.038567,0,3,17.96667,0.05773503,0.121974496,17.834263,18.3124,0.03333333,17.901333,18.032,0.03333333,7.973234,8.103901
meristem4-scp-2022-7-26,meristem4-scp-2022-7-26,scp,meristem,meristem,y,2022,7,26,meristem4-scp-2022-7-26,ocean,,NA,submerged,16,7.5,m,no,,no,,,,,field,,,,NA,NA,,3,24.73333,0.69407012,3,8.065886,0.007364102,3,15.83333,0.55075706,0.400721571,23.947919,25.51875,0.31797973,15.210093,16.45657,0.31797973,7.442646,8.689126
meristem4-tb-2022-4-19,meristem4-tb-2022-4-19,tb,meristem,meristem,y,2022,4,19,meristem4-tb-2022-4-19,ocean,,NA,submerged,27.5,6.5,low,yes,,no,,,,,field,,,,NA,NA,,3,27.66667,0.57735027,3,NA,NA,3,NA,NA,0.333333333,27.013333,28.32,NA,NA,NA,NA,NA,NA
meristem4-tb-2022-5-3,meristem4-tb-2022-5-3,tb,meristem,meristem,y,2022,5,3,meristem4-tb-2022-5-3,ocean,,NA,submerged,13,2,med,yes,,no,,,,,field,,,,NA,NA,,3,24.59,0.02645751,3,8.120523,0,3,11.76667,0.05773503,0.015275252,24.560061,24.61994,0.03333333,11.701333,11.832,0.03333333,8.05519,8.185857
meristem4-tb-2022-6-28,meristem4-tb-2022-6-28,tb,meristem,meristem,y,2022,6,28,meristem4-tb-2022-6-28,ocean,,NA,submerged,30.5,5,sev,no,,no,,,,,field,,,,NA,NA,,3,16.45333,0.16921387,3,8.054637,0.005566739,3,16.63333,0.05773503,0.097695673,16.26185,16.64482,0.03333333,16.568,16.69867,0.03333333,7.989304,8.119971
meristem5-cp-2022-4-18,meristem5-cp-2022-4-18,cp,meristem,meristem,y,2022,4,18,meristem5-cp-2022-4-18,ocean,,NA,submerged,3.556,2.032,low,no,,no,,,,,field,,,,NA,NA,,3,30,0,3,NA,NA,3,NA,NA,0,30,30,NA,NA,NA,NA,NA,NA
meristem5-cp-2022-5-16,meristem5-cp-2022-5-16,cp,meristem,meristem,y,2022,5,16,meristem5-cp-2022-5-16,ocean,,NA,submerged,73,28,low,no,,no,,,,,field,,,,NA,NA,say SCP on tube,3,21.13,0.15099669,3,8.131772,0.002783369,3,10.9,0.26457513,0.087177979,20.959131,21.30087,0.15275252,10.600605,11.19939,0.15275252,7.832377,8.431167
meristem5-cp-2022-5-2,meristem5-cp-2022-5-2,cp,meristem,meristem,y,2022,5,2,meristem5-cp-2022-5-2,ocean,,NA,submerged,36,19,low,yes,,no,,,,,field,,,,NA,NA,,3,24.55333,0.46576103,3,8.134986,0,3,10.5,0.1,0.268907254,24.026275,25.08039,0.05773503,10.386839,10.61316,0.05773503,8.021826,8.248147
meristem5-cp-2022-5-30,meristem5-cp-2022-5-30,cp,meristem,meristem,y,2022,5,30,meristem5-cp-2022-5-30,ocean,,NA,submerged,16,4,med,no,,no,no,no,,,field,,,,NA,NA,,3,22.43333,0.0305505,3,8.112489,0.002783369,3,12.3,0.2,0.017638342,22.398762,22.4679,0.11547005,12.073679,12.52632,0.11547005,7.886167,8.33881
meristem5-cp-2022-6-27,meristem5-cp-2022-6-27,cp,meristem,meristem,y,2022,6,27,meristem5-cp-2022-6-27,ocean,,NA,submerged,77,21.5,sev,yes,,no,no,no,no,,field,,,,NA,NA,,3,23.2,0.07937254,3,8.051423,0.002783369,3,16.7,0,0.045825757,23.110182,23.28982,0,16.7,16.7,0,8.051423,8.051423
meristem5-cp-2022-7-13,meristem5-cp-2022-7-13,cp,meristem,meristem,y,2022,7,13,meristem5-cp-2022-7-13,ocean,,NA,submerged,44,16.5,l,yes,,,,,,,field,,,,NA,NA,,3,24.24,0.01,3,8.057851,0,3,16.56667,0.11547005,0.005773503,24.228684,24.25132,0.06666667,16.436,16.69733,0.06666667,7.927185,8.188518
meristem5-cp-2022-7-26,meristem5-cp-2022-7-26,cp,meristem,meristem,y,2022,7,26,meristem5-cp-2022-7-26,ocean,,NA,submerged,22,9.5,l,no,,no,,,,,field,,,,NA,NA,,3,25.52333,0.23860707,3,8.038567,0,3,18.13333,0.2081666,0.137759855,25.253324,25.79334,0.12018504,17.897771,18.3689,0.12018504,7.803005,8.27413
meristem5-gw-2022-4-19,meristem5-gw-2022-4-19,gw,meristem,meristem,y,2022,4,19,meristem5-gw-2022-4-19,ocean,,20,submerged,13.5,5.5,low,no,,no,,,,,field,yes,D-1,,NA,NA,no innert lab surface/water at t=0,3,32.33333,0.57735027,3,NA,NA,3,NA,NA,0.333333333,31.68,32.98667,NA,NA,NA,NA,NA,NA
meristem5-scp-2022-4-18,meristem5-scp-2022-4-18,scp,meristem,meristem,y,2022,4,18,meristem5-scp-2022-4-18,ocean,,NA,submerged,19,8,low,no,,no,,,,,field,,,,NA,NA,,3,28.33333,2.88675135,3,NA,NA,3,NA,NA,1.666666667,25.066667,31.6,NA,NA,NA,NA,NA,NA
meristem5-scp-2022-5-16,meristem5-scp-2022-5-16,scp,meristem,meristem,y,2022,5,16,meristem5-scp-2022-5-16,ocean,,NA,submerged,16,5.5,med,no,,no,no,,,,field,,,,NA,NA,says cp on tube,3,22.23,0.49689033,3,8.128558,0.002783369,3,10.96667,0.25166115,0.286879766,21.667716,22.79228,0.14529663,10.681885,11.25145,0.14529663,7.843777,8.41334
meristem5-scp-2022-5-2,meristem5-scp-2022-5-2,scp,meristem,meristem,y,2022,5,2,meristem5-scp-2022-5-2,ocean,,NA,submerged,34,8,low,no,,no,,,,,field,,,,NA,NA,,3,25.42333,0.13051181,3,8.125344,0,3,11.23333,0.05773503,0.07535103,25.275645,25.57102,0.03333333,11.168,11.29867,0.03333333,8.060011,8.190678
meristem5-scp-2022-6-13,meristem5-scp-2022-6-13,scp,meristem,meristem,y,2022,6,13,meristem5-scp-2022-6-13,ocean,,NA,submerged,16,6.5,low,no,,no,,,,,field,,,,NA,NA,,3,18,0,3,NA,NA,3,NA,NA,0,18,18,NA,NA,NA,NA,NA,NA
meristem5-scp-2022-6-27,meristem5-scp-2022-6-27,scp,meristem,meristem,y,2022,6,27,meristem5-scp-2022-6-27,ocean,,NA,submerged,30,3.5,low,no,,yes,no,no,no,,field,,,,NA,NA,,3,19.50667,0.37554405,3,8.067493,0,3,15.66667,0.05773503,0.216820458,19.081699,19.93163,0.03333333,15.601333,15.732,0.03333333,8.00216,8.132826
meristem5-scp-2022-7-13,meristem5-scp-2022-7-13,scp,meristem,meristem,y,2022,7,13,meristem5-scp-2022-7-13,ocean,,NA,submerged,33.5,8,m,,,,,,,,field,,,,NA,NA,,3,18.07333,0.21126602,3,8.038567,0,3,17.96667,0.05773503,0.121974496,17.834263,18.3124,0.03333333,17.901333,18.032,0.03333333,7.973234,8.103901
meristem5-scp-2022-7-26,meristem5-scp-2022-7-26,scp,meristem,meristem,y,2022,7,26,meristem5-scp-2022-7-26,ocean,,NA,submerged,15.5,4.5,l,no,,no,,,,,field,,,,NA,NA,,3,24.73333,0.69407012,3,8.065886,0.007364102,3,15.83333,0.55075706,0.400721571,23.947919,25.51875,0.31797973,15.210093,16.45657,0.31797973,7.442646,8.689126
meristem5-tb-2022-5-17,meristem5-tb-2022-5-17,tb,meristem,meristem,y,2022,5,17,meristem5-tb-2022-5-17,ocean,,NA,submerged,49,11,low,yes,,no,no,,,,field,,,,NA,NA,,3,21.18,0.45033321,3,8.107668,0.005566739,3,12.63333,0.57735027,0.26,20.6704,21.6896,0.33333333,11.98,13.28667,0.33333333,7.454334,8.761001
meristem5-tb-2022-5-31,meristem5-tb-2022-5-31,tb,meristem,meristem,y,2022,5,31,meristem5-tb-2022-5-31,ocean,,NA,submerged,17,5,high,yes,,yes,no,no,,,field,,,,NA,NA,,3,16.57667,0.28041636,3,8.073921,0.002783369,3,15.2,0.26457513,0.161898459,16.259346,16.89399,0.15275252,14.900605,15.49939,0.15275252,7.774526,8.373316
meristem5-tb-2022-6-14,meristem5-tb-2022-6-14,tb,meristem,meristem,y,2022,6,14,meristem5-tb-2022-6-14,ocean,,30,submerged,33,9,low,no,,no,no,no,no,,field,yes,D-1,,NA,NA,,3,12,0,3,NA,NA,3,NA,NA,0,12,12,NA,NA,NA,NA,NA,NA
meristem5-tb-2022-6-28,meristem5-tb-2022-6-28,tb,meristem,meristem,y,2022,6,28,meristem5-tb-2022-6-28,ocean,,NA,submerged,18.5,4.5,sev,yes,,yes,,,,,field,,,,NA,NA,,3,16.45333,0.16921387,3,8.054637,0.005566739,3,16.63333,0.05773503,0.097695673,16.26185,16.64482,0.03333333,16.568,16.69867,0.03333333,7.989304,8.119971
meristem5-tb-2022-7-12,meristem5-tb-2022-7-12,tb,meristem,meristem,y,2022,7,12,meristem5-tb-2022-7-12,ocean,,NA,submerged,56,7,m,,,,,,,,field,,,,NA,NA,,3,13.33667,0.37541089,3,8.020891,0.002783369,3,19.3,0,0.216743576,12.911849,13.76148,0,19.3,19.3,0,8.020891,8.020891
meristem5-tb-2022-7-27,meristem5-tb-2022-7-27,tb,meristem,meristem,y,2022,7,27,meristem5-tb-2022-7-27,ocean,,NA,submerged,58.5,9.5,l,,,,,,,,field,,,,NA,NA,drift,3,20.72333,0.57951129,3,8.035354,0.002783369,3,18.3,0.34641016,0.334580998,20.067555,21.37911,0.2,17.908,18.692,0.2,7.643354,8.427354
meristem6-cp-2022-4-18,meristem6-cp-2022-4-18,cp,meristem,meristem,y,2022,4,18,meristem6-cp-2022-4-18,ocean,,NA,submerged,3.556,2.286,low,no,,no,,,,,field,,,,NA,NA,,3,30,0,3,NA,NA,3,NA,NA,0,30,30,NA,NA,NA,NA,NA,NA
meristem6-cp-2022-5-16,meristem6-cp-2022-5-16,cp,meristem,meristem,y,2022,5,16,meristem6-cp-2022-5-16,ocean,,NA,submerged,29,13,low,no,,yes,,,,,field,,,,NA,NA,say SCP on tube,3,21.13,0.15099669,3,8.131772,0.002783369,3,10.9,0.26457513,0.087177979,20.959131,21.30087,0.15275252,10.600605,11.19939,0.15275252,7.832377,8.431167
meristem6-cp-2022-5-2,meristem6-cp-2022-5-2,cp,meristem,meristem,y,2022,5,2,meristem6-cp-2022-5-2,ocean,,NA,submerged,26,15,low,no,,no,,,,,field,,,,NA,NA,,3,24.55333,0.46576103,3,8.134986,0,3,10.5,0.1,0.268907254,24.026275,25.08039,0.05773503,10.386839,10.61316,0.05773503,8.021826,8.248147
meristem6-cp-2022-6-13,meristem6-cp-2022-6-13,cp,meristem,meristem,y,2022,6,13,meristem6-cp-2022-6-13,ocean,,NA,submerged,66,21,med,yes,,no,,,,,field,,,,NA,NA,,3,22,0,3,NA,NA,3,NA,NA,0,22,22,NA,NA,NA,NA,NA,NA
meristem6-cp-2022-7-13,meristem6-cp-2022-7-13,cp,meristem,meristem,y,2022,7,13,meristem6-cp-2022-7-13,ocean,,NA,submerged,23,10.5,l,yes,,,,,,,field,,,,NA,NA,,3,24.24,0.01,3,8.057851,0,3,16.56667,0.11547005,0.005773503,24.228684,24.25132,0.06666667,16.436,16.69733,0.06666667,7.927185,8.188518
meristem6-cp-2022-7-26,meristem6-cp-2022-7-26,cp,meristem,meristem,y,2022,7,26,meristem6-cp-2022-7-26,ocean,,NA,submerged,27.5,9.5,m,no,,no,,,,,field,,,,NA,NA,,3,25.52333,0.23860707,3,8.038567,0,3,18.13333,0.2081666,0.137759855,25.253324,25.79334,0.12018504,17.897771,18.3689,0.12018504,7.803005,8.27413
meristem6-scp-2022-5-16,meristem6-scp-2022-5-16,scp,meristem,meristem,y,2022,5,16,meristem6-scp-2022-5-16,ocean,,NA,submerged,29,11.5,low,no,,no,no,,,,field,,,,NA,NA,says cp on tube,3,22.23,0.49689033,3,8.128558,0.002783369,3,10.96667,0.25166115,0.286879766,21.667716,22.79228,0.14529663,10.681885,11.25145,0.14529663,7.843777,8.41334
meristem6-scp-2022-5-2,meristem6-scp-2022-5-2,scp,meristem,meristem,y,2022,5,2,meristem6-scp-2022-5-2,ocean,,NA,submerged,19,3,med,no,,no,,,,,field,,,,NA,NA,,3,25.42333,0.13051181,3,8.125344,0,3,11.23333,0.05773503,0.07535103,25.275645,25.57102,0.03333333,11.168,11.29867,0.03333333,8.060011,8.190678
meristem6-scp-2022-5-30,meristem6-scp-2022-5-30,scp,meristem,meristem,y,2022,5,30,meristem6-scp-2022-5-30,ocean,,NA,submerged,30,10,med,no,,no,no,yes,,,field,,,,NA,NA,,3,16.73333,0.11718931,3,8.096419,0,3,13.53333,0.15275252,0.067659277,16.600721,16.86595,0.08819171,13.360478,13.70619,0.08819171,7.923563,8.269274
meristem6-scp-2022-6-27,meristem6-scp-2022-6-27,scp,meristem,meristem,y,2022,6,27,meristem6-scp-2022-6-27,ocean,,NA,submerged,37,5,med,no,,no,no,no,no,,field,,,,NA,NA,,3,19.50667,0.37554405,3,8.067493,0,3,15.66667,0.05773503,0.216820458,19.081699,19.93163,0.03333333,15.601333,15.732,0.03333333,8.00216,8.132826
meristem6-scp-2022-7-13,meristem6-scp-2022-7-13,scp,meristem,meristem,y,2022,7,13,meristem6-scp-2022-7-13,ocean,,NA,submerged,12,6.5,h,,,,,,,,field,,,,NA,NA,,3,18.07333,0.21126602,3,8.038567,0,3,17.96667,0.05773503,0.121974496,17.834263,18.3124,0.03333333,17.901333,18.032,0.03333333,7.973234,8.103901
meristem6-scp-2022-7-26,meristem6-scp-2022-7-26,scp,meristem,meristem,y,2022,7,26,meristem6-scp-2022-7-26,ocean,,NA,submerged,21,5.5,m,no,,no,,,,,field,,,,NA,NA,,3,24.73333,0.69407012,3,8.065886,0.007364102,3,15.83333,0.55075706,0.400721571,23.947919,25.51875,0.31797973,15.210093,16.45657,0.31797973,7.442646,8.689126
meristem6-tb-2022-5-31,meristem6-tb-2022-5-31,tb,meristem,meristem,y,2022,5,31,meristem6-tb-2022-5-31,ocean,,NA,submerged,19,4.5,med,no,,no,no,no,,,field,,,,NA,NA,,3,16.57667,0.28041636,3,8.073921,0.002783369,3,15.2,0.26457513,0.161898459,16.259346,16.89399,0.15275252,14.900605,15.49939,0.15275252,7.774526,8.373316
meristem6-tb-2022-6-14,meristem6-tb-2022-6-14,tb,meristem,meristem,y,2022,6,14,meristem6-tb-2022-6-14,ocean,,30,submerged,53,9.5,med,no,,no,no,no,no,,field,yes,D-1,,NA,NA,,3,12,0,3,NA,NA,3,NA,NA,0,12,12,NA,NA,NA,NA,NA,NA
meristem6-tb-2022-6-28,meristem6-tb-2022-6-28,tb,meristem,meristem,y,2022,6,28,meristem6-tb-2022-6-28,ocean,,NA,submerged,18.5,3,sev,no,,no,,1,,,field,,,,NA,NA,,3,16.45333,0.16921387,3,8.054637,0.005566739,3,16.63333,0.05773503,0.097695673,16.26185,16.64482,0.03333333,16.568,16.69867,0.03333333,7.989304,8.119971
meristem6-tb-2022-7-12,meristem6-tb-2022-7-12,tb,meristem,meristem,y,2022,7,12,meristem6-tb-2022-7-12,ocean,,NA,submerged,38.5,7.5,m,,,,,,,,field,,,,NA,NA,,3,13.33667,0.37541089,3,8.020891,0.002783369,3,19.3,0,0.216743576,12.911849,13.76148,0,19.3,19.3,0,8.020891,8.020891
meristem6-tb-2022-7-27,meristem6-tb-2022-7-27,tb,meristem,meristem,y,2022,7,27,meristem6-tb-2022-7-27,tidepool,,NA,submerged,30.5,7.5,l,,,,,,,,field,,,,NA,NA,drift,3,19.76333,0.70030945,3,8.001607,0.028248111,3,20.93333,2.19620886,0.404323853,18.970859,20.55581,1.26798177,18.448089,23.41858,1.26798177,5.516363,10.486851
meristem7-gw-2022-5-17,meristem7-gw-2022-5-17,gw,meristem,meristem,y,2022,5,17,meristem7-gw-2022-5-17,ocean,,20,submerged,79,15,med,no,,no,no,,,,field,yes,D-1,,NA,NA,,3,26.81667,0.08386497,3,8.134986,0,3,10.6,0.17320508,0.048419463,26.721765,26.91157,0.1,10.404,10.796,0.1,7.938986,8.330986
meristem7-gw-2022-5-3,meristem7-gw-2022-5-3,gw,meristem,meristem,y,2022,5,3,meristem7-gw-2022-5-3,ocean,,20,submerged,0,0,,,,,,,,,field,yes,D-1,,NA,NA,,3,27.76333,0.06806859,3,8.1382,0.002783369,3,10.3,0.1,0.03929942,27.686306,27.84036,0.05773503,10.186839,10.41316,0.05773503,8.02504,8.251361
meristem7-gw-2022-5-31,meristem7-gw-2022-5-31,gw,meristem,meristem,y,2022,5,31,meristem7-gw-2022-5-31,ocean,,20,submerged,0,0,,,,,,,,,field,yes,D-1,,NA,NA,,3,25.54333,0.306159,3,8.091598,0.008350107,3,13.83333,0.47258156,0.176760981,25.196882,25.88978,0.27284509,13.298557,14.36811,0.27284509,7.556821,8.626374
meristem7-gw-2022-6-14,meristem7-gw-2022-6-14,gw,meristem,meristem,y,2022,6,14,meristem7-gw-2022-6-14,ocean,,20,submerged,0,0,,,,,,,,,field,,D-1,,NA,NA,,3,25.66667,0.57735027,3,NA,NA,3,NA,NA,0.333333333,25.013333,26.32,NA,NA,NA,NA,NA,NA
meristem7-gw-2022-6-28,meristem7-gw-2022-6-28,gw,meristem,meristem,y,2022,6,28,meristem7-gw-2022-6-28,ocean,,20,submerged,0,0,,,,,,,,,field,,D-1,,NA,NA,,3,23.72667,0.16862187,3,8.080349,0.002783369,3,14.63333,0.15275252,0.097353879,23.535853,23.91748,0.08819171,14.460478,14.80619,0.08819171,7.907493,8.253205
meristem7-gw-2022-7-12,meristem7-gw-2022-7-12,gw,meristem,meristem,y,2022,7,12,meristem7-gw-2022-7-12,ocean,,20,submerged,0,0,,,,,,,,,field,,D-1,,NA,NA,,3,25.36,0.31432467,3,8.080349,0.002783369,3,14.7,0.17320508,0.181475435,25.004308,25.71569,0.1,14.504,14.896,0.1,7.884349,8.276349
meristem7-tb-2022-5-17,meristem7-tb-2022-5-17,tb,meristem,meristem,y,2022,5,17,meristem7-tb-2022-5-17,ocean,,NA,submerged,49,13,low,no,,no,no,,,,field,,,,NA,NA,,3,21.18,0.45033321,3,8.107668,0.005566739,3,12.63333,0.57735027,0.26,20.6704,21.6896,0.33333333,11.98,13.28667,0.33333333,7.454334,8.761001
meristem7-tb-2022-6-14,meristem7-tb-2022-6-14,tb,meristem,meristem,y,2022,6,14,meristem7-tb-2022-6-14,tidepool,,20,submerged,6.5,3,low,no,,no,no,no,no,,field,yes,D-1,,NA,NA,,3,12,0,3,NA,NA,3,NA,NA,0,12,12,NA,NA,NA,NA,NA,NA
meristem7-tb-2022-6-28,meristem7-tb-2022-6-28,tb,meristem,meristem,y,2022,6,28,meristem7-tb-2022-6-28,tidepool,,NA,submerged,11,4,low,no,,no,,,,,field,,,,NA,NA,,3,15.44,0.84504438,3,8.046602,0.005566738,3,17.36667,0.51316014,0.487886599,14.483742,16.39626,0.29627315,16.785971,17.94736,0.29627315,7.465907,8.627298
meristem7-tb-2022-7-27,meristem7-tb-2022-7-27,tb,meristem,meristem,y,2022,7,27,meristem7-tb-2022-7-27,tidepool,,NA,submerged,27,5.5,l,,,,,,,,field,,,,NA,NA,from near seawall,3,19.76333,0.70030945,3,8.001607,0.028248111,3,20.93333,2.19620886,0.404323853,18.970859,20.55581,1.26798177,18.448089,23.41858,1.26798177,5.516363,10.486851
meristem8-tb-2022-5-17,meristem8-tb-2022-5-17,tb,meristem,meristem,y,2022,5,17,meristem8-tb-2022-5-17,tidepool,,NA,submerged,79,13.5,med,yes,,no,no,,,,field,,,,NA,NA,,3,21.43333,0.2145538,3,8.081956,0.004820937,3,14.7,0.43588989,0.123872695,21.190543,21.67612,0.25166115,14.206744,15.19326,0.25166115,7.5887,8.575212
meristem8-tb-2022-5-31,meristem8-tb-2022-5-31,tb,meristem,meristem,y,2022,5,31,meristem8-tb-2022-5-31,tidepool,,NA,submerged,52,9,high,yes,,no,no,no,,,field,,,,NA,NA,,3,17.26,0.18193405,3,8.041781,0.005566738,3,17.66667,0.4163332,0.105039675,17.054122,17.46588,0.24037009,17.195541,18.13779,0.24037009,7.570656,8.512907
meristem8-tb-2022-6-28,meristem8-tb-2022-6-28,tb,meristem,meristem,y,2022,6,28,meristem8-tb-2022-6-28,tidepool,,NA,submerged,15,5,med,no,,no,,,,,field,,,,NA,NA,,3,15.44,0.84504438,3,8.046602,0.005566738,3,17.36667,0.51316014,0.487886599,14.483742,16.39626,0.29627315,16.785971,17.94736,0.29627315,7.465907,8.627298
meristem8-tb-2022-7-12,meristem8-tb-2022-7-12,tb,meristem,meristem,y,2022,7,12,meristem8-tb-2022-7-12,tidepool,,NA,submerged,8,3.5,h,yes,,,,,,,field,,,,NA,NA,,3,14.38333,0.68237331,3,7.998393,0.019483584,3,21.26667,1.56311654,0.393968414,13.611155,15.15551,0.90246576,19.497834,23.0355,0.90246576,6.22956,9.767226
meristem8-tb-2022-7-27,meristem8-tb-2022-7-27,tb,meristem,meristem,y,2022,7,27,meristem8-tb-2022-7-27,tidepool,,NA,submerged,51,5,l,,,y,,,,,field,,,,NA,NA,from near seawall,3,19.76333,0.70030945,3,8.001607,0.028248111,3,20.93333,2.19620886,0.404323853,18.970859,20.55581,1.26798177,18.448089,23.41858,1.26798177,5.516363,10.486851
meristem9-tb-2022-5-17,meristem9-tb-2022-5-17,tb,meristem,meristem,y,2022,5,17,meristem9-tb-2022-5-17,tidepool,,NA,submerged,24,13,med,no,,no,no,,,,field,,,,NA,NA,,3,21.43333,0.2145538,3,8.081956,0.004820937,3,14.7,0.43588989,0.123872695,21.190543,21.67612,0.25166115,14.206744,15.19326,0.25166115,7.5887,8.575212
meristem9-tb-2022-5-31,meristem9-tb-2022-5-31,tb,meristem,meristem,y,2022,5,31,meristem9-tb-2022-5-31,tidepool,,NA,submerged,37,7,low,no,,no,no,no,,,field,,,,NA,NA,,3,17.26,0.18193405,3,8.041781,0.005566738,3,17.66667,0.4163332,0.105039675,17.054122,17.46588,0.24037009,17.195541,18.13779,0.24037009,7.570656,8.512907
meristem9-tb-2022-6-14,meristem9-tb-2022-6-14,tb,meristem,meristem,y,2022,6,14,meristem9-tb-2022-6-14,tidepool,,20,submerged,22.5,6,low,no,,no,no,no,no,,field,yes,D-1,,NA,NA,,3,12,0,3,NA,NA,3,NA,NA,0,12,12,NA,NA,NA,NA,NA,NA
meristem9-tb-2022-6-28,meristem9-tb-2022-6-28,tb,meristem,meristem,y,2022,6,28,meristem9-tb-2022-6-28,tidepool,,NA,submerged,18,21,med,no,,no,,,,,field,,,,NA,NA,,3,15.44,0.84504438,3,8.046602,0.005566738,3,17.36667,0.51316014,0.487886599,14.483742,16.39626,0.29627315,16.785971,17.94736,0.29627315,7.465907,8.627298
meristem9-tb-2022-7-12,meristem9-tb-2022-7-12,tb,meristem,meristem,y,2022,7,12,meristem9-tb-2022-7-12,ocean,,NA,submerged,19,4.5,l,,,,,,,,field,,,,NA,NA,,3,13.33667,0.37541089,3,8.020891,0.002783369,3,19.3,0,0.216743576,12.911849,13.76148,0,19.3,19.3,0,8.020891,8.020891
meristem9-tb-2022-7-27,meristem9-tb-2022-7-27,tb,meristem,meristem,y,2022,7,27,meristem9-tb-2022-7-27,tidepool,,NA,submerged,36,6.5,med,,,,,,,,field,,,,NA,NA,from near seawall,3,19.76333,0.70030945,3,8.001607,0.028248111,3,20.93333,2.19620886,0.404323853,18.970859,20.55581,1.26798177,18.448089,23.41858,1.26798177,5.516363,10.486851
plate-1-well-10H_S8,plate-1-well-10H,lhp,meristem,meristem,y,2021,4,29,meristem_3_LHP,ocean,,NA,waves,7.9,18.3,moderate,no,,,,,,,field,,,,8.2,8.8,,2,25.89,0.33941126,2,7.555,0.077781746,2,11.3,0,0.24,25.4196,26.3604,0,11.3,11.3,0,7.555,7.555
plate-1-well-11A_S9,plate-1-well-11A,scp,rock,meristem,y,2021,4,16,rock_3_SCP,ocean,,NA,,NA,NA,,0,,,,,,,field,,,,NA,NA,,3,27.19667,0.13316656,3,8.02,0.07,3,10.54333,0.05131601,0.076883751,27.045975,27.34736,0.02962732,10.485264,10.6014,0.02962732,7.96193,8.07807
plate-1-well-11B_S10,plate-1-well-11B,lhp,meristem,meristem,y,2021,6,10,meristem_3_LHP,ocean,,NA,submerged,60.5,9.1,light,no,,,,,,,field,,,,11.4,12.2,,3,9.92,0.19974984,3,8.13,0.045825757,3,14.93333,0.05773503,0.115325626,9.693962,10.14604,0.03333333,14.868,14.99867,0.03333333,8.064667,8.195333
plate-1-well-11E_S13,plate-1-well-11E,scp,meristem,meristem,y,2021,6,23,meristem_4_SCP,ocean,,NA,waves,35,7.5,light,no,n,n,,,,,field,,,,15.6,16.4,,3,18.77667,0.090185,3,8.003333,0.060277138,3,18.46667,0.05773503,0.052068331,18.674613,18.87872,0.03333333,18.401333,18.532,0.03333333,7.938,8.068667
plate-1-well-11F_S14,plate-1-well-11F,gw,rock,meristem,y,2021,4,17,rock_3_GW,ocean,,NA,,NA,NA,,0,,,,,,,field,,,,NA,NA,,3,29.79333,0.19218047,3,8.206667,0.061101009,3,11.96667,0.30550505,0.110955447,29.575861,30.01081,0.17638342,11.620955,12.31238,0.17638342,7.860955,8.552378
plate-1-well-12B_S18,plate-1-well-12B,tb,meristem,meristem,y,2021,6,11,meristem_4_TB,ocean,,NA,waves,15.2,4.6,light,no,n,n,,,,,field,,,,18.7,19.6,,3,10.95,0.10392305,3,8.473333,0.04163332,3,15.86667,0.11547005,0.06,10.8324,11.0676,0.06666667,15.736,15.99733,0.06666667,8.342667,8.604
plate-1-well-12E_S21,plate-1-well-12E,tb,meristem,meristem,y,2021,6,11,meristem_6_TB,tidepool,,NA,submerged,25.2,4,light,no,n,y,,,,,field,,,,21.3,18.4,,3,11.31667,0.05773503,3,8.556667,0.12858201,3,16.6,0.17320508,0.033333333,11.251333,11.382,0.1,16.404,16.796,0.1,8.360667,8.752667
plate-1-well-1B_S26,plate-1-well-1B,lhp,rock,meristem,y,2021,7,8,rock_1_LHP,tidepool,,NA,,NA,NA,,0,,,,,,,field,,,,NA,NA,,3,17.42667,0.02516611,3,7.343333,0.070945989,3,19.46667,0.11547005,0.014529663,17.398189,17.45514,0.06666667,19.336,19.59733,0.06666667,7.212667,7.474
plate-1-well-1C_S27,plate-1-well-1C,scp,rock,meristem,y,2021,6,10,rock_3_SCP,ocean,,NA,,NA,NA,,0,,,,,,,field,,,,NA,NA,,3,11.01,0.31096624,3,8.333333,0.047258156,3,15.36667,0.05773503,0.17953644,10.658109,11.36189,0.03333333,15.301333,15.432,0.03333333,8.268,8.398667
plate-1-well-1D_S28,plate-1-well-1D,lhp,meristem,meristem,y,2021,5,27,meristem_4_LHP,ocean,,NA,dry,47,17.5,light,yes,,,,,,,field,,,,11,11.5,,3,16.52667,0.09865766,3,7.823333,0.015275252,3,13.56667,0.05773503,0.056960025,16.415025,16.63831,0.03333333,13.501333,13.632,0.03333333,7.758,7.888667
plate-1-well-1F_S30,plate-1-well-1F,tb,rock,meristem,y,2021,6,24,rock_2_TB,ocean,,NA,,NA,NA,,0,,,,,,,field,,,,NA,NA,,3,19.48,0.10440307,3,8.03,0.034641016,3,19.46667,0.15275252,0.060277138,19.361857,19.59814,0.08819171,19.293811,19.63952,0.08819171,7.857144,8.202856
plate-1-well-1G_S31,plate-1-well-1G,scp,meristem,meristem,y,2021,4,29,meristem_3_SCP,ocean,,NA,waves,18.5,6.2,light,no,,,,,,,field,,,,12.3,10.4,,3,26.34,0.66053009,3,7.896667,0.060277138,3,11.26667,0.28867514,0.381357225,25.59254,27.08746,0.16666667,10.94,11.59333,0.16666667,7.57,8.223333
plate-1-well-1H_S32,plate-1-well-1H,gw,meristem,meristem,y,2021,7,9,meristem_3_GW,ocean,,NA,,NA,NA,,0,,,,,,,field,,,,NA,NA,,3,26.27,0.16703293,3,8.193333,0.100166528,3,16.56667,0.32145503,0.096436508,26.080984,26.45902,0.18559214,16.202906,16.93043,0.18559214,7.829573,8.557094
plate-1-well-2A_S33,plate-1-well-2A,gw,rock,meristem,y,2021,4,30,rock_2_GW,ocean,,NA,,NA,NA,,0,,,,,,,field,,,,NA,NA,,3,28.06333,0.2510644,3,8.026667,0.046188022,3,10.36667,0.40414519,0.144952099,27.779227,28.34744,0.23333333,9.909333,10.824,0.23333333,7.569333,8.484
plate-1-well-2D_S36,plate-1-well-2D,scp,meristem,meristem,y,2021,6,23,meristem_3_SCP,ocean,,NA,submerged,27,5,light,no,n,n,,,,,field,,,,15.7,17.2,was also labeled M2,3,18.77667,0.090185,3,8.003333,0.060277138,3,18.46667,0.05773503,0.052068331,18.674613,18.87872,0.03333333,18.401333,18.532,0.03333333,7.938,8.068667
plate-1-well-2E_S37,plate-1-well-2E,gw,meristem,meristem,y,2021,5,28,meristem_2_GW,ocean,,NA,dry,32.5,10.3,moderate,yes,,,,,,,field,,,,15.8,16.4,,3,26.25,0.1473092,3,8.156667,0.005773503,3,12.36667,0.5033223,0.085049005,26.083304,26.4167,0.29059326,11.797104,12.93623,0.29059326,7.587104,8.726229
plate-1-well-3D_S44,plate-1-well-3D,tb,water,meristem,y,2021,5,28,water_1_TB,tidepool,,NA,,NA,NA,,0,,,,,,,field,,,,NA,NA,"tidepool, went into 4D",3,17.57667,0.1266228,3,8.153333,0.047258156,3,16.86667,0.15275252,0.073105707,17.433379,17.71995,0.08819171,16.693811,17.03952,0.08819171,7.980478,8.326189
plate-1-well-3E_S45,plate-1-well-3E,scp,meristem,meristem,y,2021,6,23,meristem_5_SCP,ocean,,NA,dry,18,5,light,no,n,n,,,,,field,,,,12.9,15,,3,18.77667,0.090185,3,8.003333,0.060277138,3,18.46667,0.05773503,0.052068331,18.674613,18.87872,0.03333333,18.401333,18.532,0.03333333,7.938,8.068667
plate-1-well-3H_S48,plate-1-well-3H,gw,meristem,meristem,y,2021,6,24,meristem_3_GW,ocean,,NA,dry,33,15.5,moderate,no,n,n,,,,,field,,,,16.2,14.7,,3,27.3,0.11789826,3,8.043333,0.037859389,3,14.53333,0.28867514,0.068068593,27.166586,27.43341,0.16666667,14.206667,14.86,0.16666667,7.716667,8.37
plate-1-well-4C_S51,plate-1-well-4C,gw,meristem,meristem,y,2021,5,28,meristem_3_GW,ocean,,NA,dry,25.6,7.7,light,yes,,,,,,,field,,,,14,16.6,,3,26.25,0.1473092,3,8.156667,0.005773503,3,12.36667,0.5033223,0.085049005,26.083304,26.4167,0.29059326,11.797104,12.93623,0.29059326,7.587104,8.726229
plate-1-well-4D_S52,plate-1-well-4D,lhp,water,meristem,y,2021,4,29,water_1_LHP,ocean,,NA,,NA,NA,,0,,,,,,,field,,,,NA,NA,,2,25.89,0.33941126,2,7.555,0.077781746,2,11.3,0,0.24,25.4196,26.3604,0,11.3,11.3,0,7.555,7.555
plate-1-well-4H_S56,plate-1-well-4H,tb,rock,meristem,y,2021,5,28,rock_1_TB,tidepool,,NA,,NA,NA,,0,,,,,,,field,,,,NA,NA,,3,17.57667,0.1266228,3,8.153333,0.047258156,3,16.86667,0.15275252,0.073105707,17.433379,17.71995,0.08819171,16.693811,17.03952,0.08819171,7.980478,8.326189
plate-1-well-5A_S57,plate-1-well-5A,scp,meristem,meristem,y,2021,4,16,meristem_1_SCP,ocean,,NA,,NA,NA,,0,,,,,,,field,,,,6.7,6,,3,27.19667,0.13316656,3,8.02,0.07,3,10.54333,0.05131601,0.076883751,27.045975,27.34736,0.02962732,10.485264,10.6014,0.02962732,7.96193,8.07807
plate-1-well-5B_S58,plate-1-well-5B,scp,rock,meristem,y,2021,4,16,rock_1_SCP,ocean,,NA,,NA,NA,,0,,,,,,,field,,,,NA,NA,,3,27.19667,0.13316656,3,8.02,0.07,3,10.54333,0.05131601,0.076883751,27.045975,27.34736,0.02962732,10.485264,10.6014,0.02962732,7.96193,8.07807
plate-1-well-5C_S59,plate-1-well-5C,lhp,rock,meristem,y,2021,5,27,rock_3_LHP,ocean,,NA,,NA,NA,,0,,,,,,,field,,,,NA,NA,fell on counter,3,16.52667,0.09865766,3,7.823333,0.015275252,3,13.56667,0.05773503,0.056960025,16.415025,16.63831,0.03333333,13.501333,13.632,0.03333333,7.758,7.888667
plate-1-well-5E_S61,plate-1-well-5E,scp,meristem,meristem,y,2021,5,13,meristem_6_SCP,ocean,,NA,submerged,14.2,6,light,no,,,,,,,field,,,,6.9,6.4,,6,18.19833,0.38280108,6,8.188333,0.168927993,6,15.75,0.38340579,0.156277886,17.892029,18.50464,0.15652476,15.443211,16.05679,0.15652476,7.881545,8.495122
plate-1-well-5F_S62,plate-1-well-5F,tb,meristem,meristem,y,2021,4,17,meristem_5_TB,ocean,,NA,,NA,NA,,0,,,,,,,field,,,,11.2,12,,2,29.795,0.03535534,2,8.09,0.014142136,2,14.95,0.07071068,0.025,29.746,29.844,0.05,14.852,15.048,0.05,7.992,8.188
plate-1-well-6A_S65,plate-1-well-6A,gw,meristem,meristem,y,2021,4,30,meristem_6_GW,ocean,,NA,dry,81,15.9,light,yes,,,,,,,field,,,,11.4,11.7,,3,28.06333,0.2510644,3,8.026667,0.046188022,3,10.36667,0.40414519,0.144952099,27.779227,28.34744,0.23333333,9.909333,10.824,0.23333333,7.569333,8.484
plate-1-well-6D_S68,plate-1-well-6D,lhp,meristem,meristem,y,2021,4,29,meristem_6_LHP,tidepool,,NA,submerged,8.8,21.7,severe,no,,,,,,,field,,,,12.3,12.8,,1,27.94,NA,1,7.27,NA,1,13.5,NA,NA,NA,NA,NA,NA,NA,NA,NA,NA
plate-1-well-7B_S74,plate-1-well-7B,gw,meristem,meristem,y,2021,6,24,meristem_6_GW,ocean,,NA,dry,43,12,moderate,no,n,n,,,,,field,,,,11.2,12.8,,3,27.3,0.11789826,3,8.043333,0.037859389,3,14.53333,0.28867514,0.068068593,27.166586,27.43341,0.16666667,14.206667,14.86,0.16666667,7.716667,8.37
plate-1-well-7E_S77,plate-1-well-7E,scp,meristem,meristem,y,2021,6,10,meristem_3_SCP,ocean,,NA,waves,5.9,2,moderate,no,,,,,,,field,,,,19.7,17.4,,3,11.01,0.31096624,3,8.333333,0.047258156,3,15.36667,0.05773503,0.17953644,10.658109,11.36189,0.03333333,15.301333,15.432,0.03333333,8.268,8.398667
plate-1-well-7F_S78,plate-1-well-7F,lhp,rock,meristem,y,2021,6,10,rock_1_LHP,tidepool,,NA,,NA,NA,,0,,,,,,,field,,,,NA,NA,,3,10.27667,0.12897028,3,8.07,0.026457513,3,15.63333,0.61101009,0.074461026,10.130723,10.42261,0.35276684,14.94191,16.32476,0.35276684,7.378577,8.761423
plate-1-well-8A_S81,plate-1-well-8A,tb,meristem,meristem,y,2021,6,11,meristem_1_TB,tidepool,,NA,submerged,25.1,7,light,no,n,n,,,,,field,,,,15.8,14.9,,3,11.31667,0.05773503,3,8.556667,0.12858201,3,16.6,0.17320508,0.033333333,11.251333,11.382,0.1,16.404,16.796,0.1,8.360667,8.752667
plate-1-well-8D_S84,plate-1-well-8D,lhp,meristem,meristem,y,2021,6,23,meristem_6_LHP,ocean,,NA,submerged,10,4,moderate,no,n,n,,,,,field,,,,17.6,21.25,,3,18.08333,0.19731531,3,7.396667,0.023094011,3,18.13333,0.15275252,0.11392005,17.86005,18.30662,0.08819171,17.960478,18.30619,0.08819171,7.223811,7.569522
plate-1-well-8E_S85,plate-1-well-8E,gw,meristem,meristem,y,2021,7,9,meristem_1_GW,ocean,,NA,,NA,NA,,0,,,,,,,field,,,,NA,NA,,3,26.27,0.16703293,3,8.193333,0.100166528,3,16.56667,0.32145503,0.096436508,26.080984,26.45902,0.18559214,16.202906,16.93043,0.18559214,7.829573,8.557094
plate-1-well-9B_S90,plate-1-well-9B,tb,meristem,meristem,y,2021,5,28,meristem_3_TB,tidepool,,NA,submerged,5.3,3.3,moderate,no,,,,,,,field,,,,16.1,18.7,,3,17.57667,0.1266228,3,8.153333,0.047258156,3,16.86667,0.15275252,0.073105707,17.433379,17.71995,0.08819171,16.693811,17.03952,0.08819171,7.980478,8.326189
plate-1-well-9C_S91,plate-1-well-9C,tb,meristem,meristem,y,2021,5,14,meristem_5_TB,ocean,,NA,waves,4.4,1.8,light,no,,,,,,,field,,,,12.3,12,,3,17.66333,0.24090109,3,8.216667,0.056862407,3,17.23333,0.2081666,0.139084307,17.390728,17.93594,0.12018504,16.997771,17.4689,0.12018504,7.981104,8.452229
plate-1-well-9F_S94,plate-1-well-9F,tb,meristem,meristem,y,2021,6,24,meristem_5_TB,ocean,,NA,waves,13.5,1.5,moderate,no,n,n,,,,,field,,,,15.3,15.9,,3,19.48,0.10440307,3,8.03,0.034641016,3,19.46667,0.15275252,0.060277138,19.361857,19.59814,0.08819171,19.293811,19.63952,0.08819171,7.857144,8.202856
plate-2-well-10C_S99,plate-2-well-10C,scp,water,meristem,y,2021,7,8,water_2_SCP,ocean,,NA,,NA,NA,,0,,,,,,,field,,,,NA,NA,,3,17.03,0.5850641,3,7.996667,0.146401275,3,19.16667,0.15275252,0.337786915,16.367938,17.69206,0.08819171,18.993811,19.33952,0.08819171,7.823811,8.169522
plate-2-well-10D_S100,plate-2-well-10D,tb,rock,meristem,y,2021,4,17,rock_1_TB,ocean,,NA,,NA,NA,,0,,,,,,,field,,,,NA,NA,,2,29.795,0.03535534,2,8.09,0.014142136,2,14.95,0.07071068,0.025,29.746,29.844,0.05,14.852,15.048,0.05,7.992,8.188
plate-2-well-10F_S102,plate-2-well-10F,lhp,rock,meristem,y,2021,4,29,rock_1_LHP,tidepool,,NA,,NA,NA,,0,,,,,,,field,,,,NA,NA,,1,27.94,NA,1,7.27,NA,1,13.5,NA,NA,NA,NA,NA,NA,NA,NA,NA,NA
plate-2-well-11B_S106,plate-2-well-11B,gw,water,meristem,y,2021,4,17,water_1_GW,ocean,,NA,,NA,NA,,0,,,,,,,field,,,,NA,NA,,3,29.79333,0.19218047,3,8.206667,0.061101009,3,11.96667,0.30550505,0.110955447,29.575861,30.01081,0.17638342,11.620955,12.31238,0.17638342,7.860955,8.552378
plate-2-well-11E_S109,plate-2-well-11E,gw,meristem,meristem,y,2021,6,11,meristem_5_GW,ocean,,NA,waves,20.8,5.9,moderate,yes,n,n,,,,,field,,,,13.4,15.1,,3,22.90667,0.54307765,3,8.543333,0.04163332,3,13.26667,0.30550505,0.313546027,22.292116,23.52122,0.17638342,12.920955,13.61238,0.17638342,8.197622,8.889045
plate-2-well-11F_S110,plate-2-well-11F,scp,meristem,meristem,y,2021,5,27,meristem_5_SCP,ocean,,NA,waves,23.2,5,light,no,,,,,,,field,,,,13,12.5,,3,20.13333,0.5870548,3,8.013333,0.070237692,3,12.6,0.1,0.338936244,19.469018,20.79765,0.05773503,12.486839,12.71316,0.05773503,7.900173,8.126494
plate-2-well-12A_S113,plate-2-well-12A,gw,water,meristem,y,2021,6,24,water_2_GW,ocean,,NA,,NA,NA,,0,,,,,,,field,,,,NA,NA,,3,27.3,0.11789826,3,8.043333,0.037859389,3,14.53333,0.28867514,0.068068593,27.166586,27.43341,0.16666667,14.206667,14.86,0.16666667,7.716667,8.37
plate-2-well-12E_S117,plate-2-well-12E,tb,meristem,meristem,y,2021,6,24,meristem_3_TB,tidepool,,NA,submerged,11,1,moderate,no,n,n,,,,,field,,,,16.4,17.4,,3,19.30667,0.6389314,3,8.023333,0.094516313,3,21.46667,0.80208063,0.368887216,18.583648,20.02969,0.46308147,20.559027,22.37431,0.46308147,7.115694,8.930973
plate-2-well-1D_S124,plate-2-well-1D,lhp,meristem,meristem,y,2021,4,16,meristem_2_LHP,ocean,,NA,,NA,NA,,0,,,,,,,field,,,,11.2,11.7,,3,27.19333,0.24006943,3,7.936667,0.051316014,3,11.43333,0.30550505,0.138604153,26.921669,27.465,0.17638342,11.087622,11.77904,0.17638342,7.590955,8.282378
plate-2-well-1H_S128,plate-2-well-1H,tb,meristem,meristem,y,2021,6,11,meristem_5_TB,ocean,,NA,submerged,10.4,3.1,light,no,n,n,,,,,field,,,,14.5,14.2,,3,10.95,0.10392305,3,8.473333,0.04163332,3,15.86667,0.11547005,0.06,10.8324,11.0676,0.06666667,15.736,15.99733,0.06666667,8.342667,8.604
plate-2-well-2B_S130,plate-2-well-2B,tb,meristem,meristem,y,2021,5,14,meristem_6_TB,ocean,,NA,waves,8.3,3.5,light,yes,,,,,,,field,,,,11.6,10.6,2021-05-13 lable,3,17.66333,0.24090109,3,8.216667,0.056862407,3,17.23333,0.2081666,0.139084307,17.390728,17.93594,0.12018504,16.997771,17.4689,0.12018504,7.981104,8.452229
plate-2-well-2C_S131,plate-2-well-2C,tb,water,meristem,y,2021,5,14,water_1_TB,tidepool,,NA,,NA,NA,,0,,,,,,,field,,,,NA,NA,,3,18.58,0.07937254,3,8.263333,0.155670592,3,20.16667,0.40414519,0.045825757,18.490182,18.66982,0.23333333,19.709333,20.624,0.23333333,7.806,8.720667
plate-2-well-2E_S133,plate-2-well-2E,scp,meristem,meristem,y,2021,5,27,meristem_3_SCP,ocean,,NA,waves,69,8.9,light,no,,,,,,,field,,,,9.7,9.7,,3,20.13333,0.5870548,3,8.013333,0.070237692,3,12.6,0.1,0.338936244,19.469018,20.79765,0.05773503,12.486839,12.71316,0.05773503,7.900173,8.126494
plate-2-well-2F_S134,plate-2-well-2F,tb,rock,meristem,y,2021,6,11,rock_3_TB,tidepool,,NA,,NA,NA,,0,,,,,,,field,,,,NA,NA,,3,11.31667,0.05773503,3,8.556667,0.12858201,3,16.6,0.17320508,0.033333333,11.251333,11.382,0.1,16.404,16.796,0.1,8.360667,8.752667
plate-2-well-3A_S137,plate-2-well-3A,scp,rock,meristem,y,2021,7,8,rock_1_SCP,ocean,,NA,,NA,NA,,0,,,,,,,field,,,,NA,NA,,3,17.03,0.5850641,3,7.996667,0.146401275,3,19.16667,0.15275252,0.337786915,16.367938,17.69206,0.08819171,18.993811,19.33952,0.08819171,7.823811,8.169522
plate-2-well-3H_S144,plate-2-well-3H,scp,meristem,meristem,y,2021,6,10,meristem_1_SCP,ocean,,NA,waves,27.2,4.1,light,no,n,n,,,,,field,,,,12.5,14.1,,3,11.01,0.31096624,3,8.333333,0.047258156,3,15.36667,0.05773503,0.17953644,10.658109,11.36189,0.03333333,15.301333,15.432,0.03333333,8.268,8.398667
plate-2-well-4B_S146,plate-2-well-4B,scp,meristem,meristem,y,2021,5,27,meristem_2_SCP,ocean,,NA,dry,22.2,6.6,light,yes,,,,,,,field,,,,8.8,9.4,,3,20.13333,0.5870548,3,8.013333,0.070237692,3,12.6,0.1,0.338936244,19.469018,20.79765,0.05773503,12.486839,12.71316,0.05773503,7.900173,8.126494
plate-2-well-4C_S147,plate-2-well-4C,gw,meristem,meristem,y,2021,6,11,meristem_3_GW,ocean,,NA,submerged,41,9.8,moderate,no,n,n,,,,,field,,,,10.5,11,,3,22.90667,0.54307765,3,8.543333,0.04163332,3,13.26667,0.30550505,0.313546027,22.292116,23.52122,0.17638342,12.920955,13.61238,0.17638342,8.197622,8.889045
plate-2-well-4G_S151,plate-2-well-4G,lhp,water,meristem,y,2021,4,29,water_2_LHP,ocean,,NA,,NA,NA,,0,,,,,,,field,,,,NA,NA,,2,25.89,0.33941126,2,7.555,0.077781746,2,11.3,0,0.24,25.4196,26.3604,0,11.3,11.3,0,7.555,7.555
plate-2-well-5B_S154,plate-2-well-5B,gw,meristem,meristem,y,2021,5,14,meristem_4_GW,ocean,,NA,submerged,31,5.5,severe,no,,,,,,,field,,,,10.5,12.3,labeled 2021-05-13,3,28.56667,1.08541851,3,8.303333,0.040414519,3,14.76667,0.4163332,0.626666667,27.3384,29.79493,0.24037009,14.295541,15.23779,0.24037009,7.832208,8.774459
plate-2-well-5E_S157,plate-2-well-5E,gw,meristem,meristem,y,2021,6,11,meristem_4_GW,ocean,,NA,waves,18.6,4.7,light,no,n,n,,,,,field,,,,9.1,9.1,,3,22.90667,0.54307765,3,8.543333,0.04163332,3,13.26667,0.30550505,0.313546027,22.292116,23.52122,0.17638342,12.920955,13.61238,0.17638342,8.197622,8.889045
plate-2-well-5F_S158,plate-2-well-5F,lhp,meristem,meristem,y,2021,4,16,meristem_1_LHP,ocean,,NA,,NA,NA,,0,,,,,,,field,,,,12.3,11,,3,27.19333,0.24006943,3,7.936667,0.051316014,3,11.43333,0.30550505,0.138604153,26.921669,27.465,0.17638342,11.087622,11.77904,0.17638342,7.590955,8.282378
plate-2-well-7B_S170,plate-2-well-7B,gw,meristem,meristem,y,2021,5,14,meristem_5_GW,ocean,,NA,submerged,43.5,12.4,moderate,no,,,,,,,field,,,,9.6,10.1,,3,28.56667,1.08541851,3,8.303333,0.040414519,3,14.76667,0.4163332,0.626666667,27.3384,29.79493,0.24037009,14.295541,15.23779,0.24037009,7.832208,8.774459
plate-2-well-7D_S172,plate-2-well-7D,scp,meristem,meristem,y,2021,6,23,meristem_2_SCP,ocean,,NA,submerged,40.5,9,light,no,n,n,,,,,field,,,,15.4,20,,3,18.77667,0.090185,3,8.003333,0.060277138,3,18.46667,0.05773503,0.052068331,18.674613,18.87872,0.03333333,18.401333,18.532,0.03333333,7.938,8.068667
plate-2-well-7E_S173,plate-2-well-7E,tb,meristem,meristem,y,2021,6,24,meristem_1_TB,tidepool,,NA,submerged,14.5,2,moderate,no,n,n,,,,,field,,,,18,16,"in picutre, there is examples of fully bleached s. lat. That is NOT the one that measured here. ",3,19.30667,0.6389314,3,8.023333,0.094516313,3,21.46667,0.80208063,0.368887216,18.583648,20.02969,0.46308147,20.559027,22.37431,0.46308147,7.115694,8.930973
plate-2-well-7G_S175,plate-2-well-7G,gw,rock,meristem,y,2021,5,14,rock_2_GW,ocean,,NA,,NA,NA,,0,,,,,,,field,,,,NA,NA,,3,28.56667,1.08541851,3,8.303333,0.040414519,3,14.76667,0.4163332,0.626666667,27.3384,29.79493,0.24037009,14.295541,15.23779,0.24037009,7.832208,8.774459
plate-2-well-8A_S177,plate-2-well-8A,lhp,meristem,meristem,y,2021,5,13,meristem_2_LHP,tidepool,,NA,submerged,17,6.2,light,no,,,,,,,field,,,,14.2,14.3,,3,21.37333,0.76813627,3,7.383333,0.076376262,3,16.33333,0.94516312,0.443483684,20.504105,22.24256,0.54569018,15.263781,17.40289,0.54569018,6.313781,8.452886
plate-2-well-8D_S180,plate-2-well-8D,tb,meristem,meristem,y,2021,5,14,meristem_4_TB,ocean,,NA,waves,6.5,3.9,light,no,,,,,,,field,,,,13.6,14.3,,3,17.66333,0.24090109,3,8.216667,0.056862407,3,17.23333,0.2081666,0.139084307,17.390728,17.93594,0.12018504,16.997771,17.4689,0.12018504,7.981104,8.452229
plate-2-well-8E_S181,plate-2-well-8E,gw,rock,meristem,y,2021,4,17,rock_2_GW,ocean,,NA,,NA,NA,,0,,,,,,,field,,,,NA,NA,,3,29.79333,0.19218047,3,8.206667,0.061101009,3,11.96667,0.30550505,0.110955447,29.575861,30.01081,0.17638342,11.620955,12.31238,0.17638342,7.860955,8.552378
plate-2-well-8F_S182,plate-2-well-8F,lhp,rock,meristem,y,2021,5,13,rock_1_LHP,ocean,,NA,,NA,NA,,0,,,,,,,field,,,,NA,NA,,3,20.49333,0.35571524,3,7.683333,0.066583281,3,14.33333,0.05773503,0.205372291,20.090804,20.89586,0.03333333,14.268,14.39867,0.03333333,7.618,7.748667
plate-2-well-8H_S184,plate-2-well-8H,gw,meristem,meristem,y,2021,6,24,meristem_2_GW,ocean,,NA,dry,58,14.1,moderate,yes,n,n,,,,,field,,,,10.6,10.6,,3,27.3,0.11789826,3,8.043333,0.037859389,3,14.53333,0.28867514,0.068068593,27.166586,27.43341,0.16666667,14.206667,14.86,0.16666667,7.716667,8.37
plate-2-well-9D_S188,plate-2-well-9D,scp,meristem,meristem,y,2021,4,16,meristem_4_SCP,ocean,,NA,,NA,NA,,0,,,,,,,field,,,,6,6.8,,3,27.19667,0.13316656,3,8.02,0.07,3,10.54333,0.05131601,0.076883751,27.045975,27.34736,0.02962732,10.485264,10.6014,0.02962732,7.96193,8.07807
plate-2-well-9F_S190,plate-2-well-9F,lhp,meristem,meristem,y,2021,6,10,meristem_6_LHP,tidepool,,NA,submerged,34.9,9.9,moderate,no,,,,,,,field,,,,14.4,16.5,,3,10.27667,0.12897028,3,8.07,0.026457513,3,15.63333,0.61101009,0.074461026,10.130723,10.42261,0.35276684,14.94191,16.32476,0.35276684,7.378577,8.761423
plate-2-well-9H_S192,plate-2-well-9H,gw,meristem,meristem,y,2021,5,28,meristem_6_GW,ocean,,NA,waves,57.1,13.1,light,no,,,,,,,field,,,,15.8,17.9,,3,26.25,0.1473092,3,8.156667,0.005773503,3,12.36667,0.5033223,0.085049005,26.083304,26.4167,0.29059326,11.797104,12.93623,0.29059326,7.587104,8.726229
plate-3-well-10B_S194,plate-3-well-10B,tb,meristem,meristem,y,2021,4,17,meristem_2_TB,ocean,,NA,,NA,NA,,0,,,,,,,field,,,,10.3,9.7,might be SCP,2,29.795,0.03535534,2,8.09,0.014142136,2,14.95,0.07071068,0.025,29.746,29.844,0.05,14.852,15.048,0.05,7.992,8.188
plate-3-well-10C_S195,plate-3-well-10C,scp,meristem,meristem,y,2021,5,13,meristem_2_SCP,ocean,,NA,dry,10.5,4.2,light,no,,,,,,,field,,,,6.9,7.9,,6,18.19833,0.38280108,6,8.188333,0.168927993,6,15.75,0.38340579,0.156277886,17.892029,18.50464,0.15652476,15.443211,16.05679,0.15652476,7.881545,8.495122
plate-3-well-10D_S196,plate-3-well-10D,tb,meristem,meristem,y,2021,5,14,meristem_1_TB,tidepool,,NA,submerged,49,13,light,yes,,,,,,,field,,,,12,13.1,,3,18.58,0.07937254,3,8.263333,0.155670592,3,20.16667,0.40414519,0.045825757,18.490182,18.66982,0.23333333,19.709333,20.624,0.23333333,7.806,8.720667
plate-3-well-10H_S200,plate-3-well-10H,lhp,meristem,meristem,y,2021,5,27,meristem_3_LHP,tidepool,,NA,submerged,17,7.5,moderate,yes,,,,,,,field,,,,10.6,12.1,,3,17.16333,0.36143234,3,7.813333,0.040414519,3,13.93333,0.15275252,0.208673056,16.754334,17.57233,0.08819171,13.760478,14.10619,0.08819171,7.640478,7.986189
plate-3-well-11A_S201,plate-3-well-11A,scp,meristem,meristem,y,2021,6,10,meristem_6_SCP,ocean,,NA,dry,15.9,2.8,moderate,no,,,,,,,field,,,,19.5,18.5,,3,11.01,0.31096624,3,8.333333,0.047258156,3,15.36667,0.05773503,0.17953644,10.658109,11.36189,0.03333333,15.301333,15.432,0.03333333,8.268,8.398667
plate-3-well-11B_S202,plate-3-well-11B,gw,meristem,meristem,y,2021,4,17,meristem_5_GW,ocean,,NA,,NA,NA,,0,,,,,,,field,,,,5.6,5.9,,3,29.79333,0.19218047,3,8.206667,0.061101009,3,11.96667,0.30550505,0.110955447,29.575861,30.01081,0.17638342,11.620955,12.31238,0.17638342,7.860955,8.552378
plate-3-well-11E_S205,plate-3-well-11E,scp,meristem,meristem,y,2021,7,8,meristem_2_SCP,ocean,,NA,dry,27.7,6,light,no,,,,,,,field,,,,15.7,15.6,,3,17.03,0.5850641,3,7.996667,0.146401275,3,19.16667,0.15275252,0.337786915,16.367938,17.69206,0.08819171,18.993811,19.33952,0.08819171,7.823811,8.169522
plate-3-well-11F_S206,plate-3-well-11F,gw,meristem,meristem,y,2021,5,28,meristem_5_GW,ocean,,NA,dry,28.1,12.9,moderate,no,,,,,,,field,,,,14.5,15.3,,3,26.25,0.1473092,3,8.156667,0.005773503,3,12.36667,0.5033223,0.085049005,26.083304,26.4167,0.29059326,11.797104,12.93623,0.29059326,7.587104,8.726229
plate-3-well-12E_S213,plate-3-well-12E,lhp,meristem,meristem,y,2021,6,10,meristem_2_LHP,ocean,,NA,submerged,16.6,13.2,moderate,no,,,,,,,field,,,,9.3,9.2,,3,9.92,0.19974984,3,8.13,0.045825757,3,14.93333,0.05773503,0.115325626,9.693962,10.14604,0.03333333,14.868,14.99867,0.03333333,8.064667,8.195333
plate-3-well-1H_S224,plate-3-well-1H,lhp,meristem,meristem,y,2021,7,8,meristem_2_LHP,tidepool,,NA,submerged,37,8.5,moderate,no,n,n,,,,,field,,,,15.5,17.6,,3,17.42667,0.02516611,3,7.343333,0.070945989,3,19.46667,0.11547005,0.014529663,17.398189,17.45514,0.06666667,19.336,19.59733,0.06666667,7.212667,7.474
plate-3-well-2C_S227,plate-3-well-2C,gw,meristem,meristem,y,2021,5,14,meristem_6_GW,ocean,,NA,dry,50.5,8.5,severe,yes,,,,,,,field,,,,8.3,9.8,,3,28.56667,1.08541851,3,8.303333,0.040414519,3,14.76667,0.4163332,0.626666667,27.3384,29.79493,0.24037009,14.295541,15.23779,0.24037009,7.832208,8.774459
plate-3-well-2D_S228,plate-3-well-2D,gw,meristem,meristem,y,2021,6,24,meristem_4_GW,ocean,,NA,submerged,74,15,moderate,no,n,n,,,,,field,,,,15,14,,3,27.3,0.11789826,3,8.043333,0.037859389,3,14.53333,0.28867514,0.068068593,27.166586,27.43341,0.16666667,14.206667,14.86,0.16666667,7.716667,8.37
plate-3-well-3D_S236,plate-3-well-3D,scp,meristem,meristem,y,2021,6,10,meristem_3_SCP,ocean,,NA,waves,15.2,5.1,light,no,n,n,,,,,field,,,,15.7,13.3,loosely attached,3,11.01,0.31096624,3,8.333333,0.047258156,3,15.36667,0.05773503,0.17953644,10.658109,11.36189,0.03333333,15.301333,15.432,0.03333333,8.268,8.398667
plate-3-well-3E_S237,plate-3-well-3E,gw,meristem,meristem,y,2021,5,14,meristem_1_GW,ocean,,NA,submerged,30.5,10,light,yes,,,,,,,field,,,,8.2,7.3,,3,28.56667,1.08541851,3,8.303333,0.040414519,3,14.76667,0.4163332,0.626666667,27.3384,29.79493,0.24037009,14.295541,15.23779,0.24037009,7.832208,8.774459
plate-3-well-3F_S238,plate-3-well-3F,scp,meristem,meristem,y,2021,4,16,meristem_3_SCP,ocean,,NA,,NA,NA,,0,,,,,,,field,,,,5.6,5.7,fell on the ground,3,27.19667,0.13316656,3,8.02,0.07,3,10.54333,0.05131601,0.076883751,27.045975,27.34736,0.02962732,10.485264,10.6014,0.02962732,7.96193,8.07807
plate-3-well-4H_S248,plate-3-well-4H,scp,meristem,meristem,y,2021,5,27,meristem_4_SCP,ocean,,NA,waves,16,4.6,light,no,,,,,,,field,,,,9.8,9.8,,3,20.13333,0.5870548,3,8.013333,0.070237692,3,12.6,0.1,0.338936244,19.469018,20.79765,0.05773503,12.486839,12.71316,0.05773503,7.900173,8.126494
plate-3-well-5D_S252,plate-3-well-5D,gw,meristem,meristem,y,2021,5,14,meristem_3_GW,ocean,,NA,dry,31.5,13.5,moderate,yes,,,,,,,field,,,,9.5,8.9,,3,28.56667,1.08541851,3,8.303333,0.040414519,3,14.76667,0.4163332,0.626666667,27.3384,29.79493,0.24037009,14.295541,15.23779,0.24037009,7.832208,8.774459
plate-3-well-5E_S253,plate-3-well-5E,lhp,meristem,meristem,y,2021,5,13,meristem_4_LHP,ocean,,NA,waves,11.7,4.9,light,no,,,,,,,field,,,,12.7,14.6,,3,20.49333,0.35571524,3,7.683333,0.066583281,3,14.33333,0.05773503,0.205372291,20.090804,20.89586,0.03333333,14.268,14.39867,0.03333333,7.618,7.748667
plate-3-well-6D_S260,plate-3-well-6D,scp,meristem,meristem,y,2021,5,13,meristem_1_SCP,ocean,,NA,dry,17,7.5,light,no,,,,,,,field,,,,10.6,10.8,,6,18.19833,0.38280108,6,8.188333,0.168927993,6,15.75,0.38340579,0.156277886,17.892029,18.50464,0.15652476,15.443211,16.05679,0.15652476,7.881545,8.495122
plate-3-well-6F_S262,plate-3-well-6F,tb,meristem,meristem,y,2021,5,28,meristem_4_TB,ocean,,NA,dry,18,6,light,yes,,,,,,,field,,,,12.9,12,,3,16.62333,0.1530795,3,8.14,0,3,14.03333,0.25166115,0.088380491,16.450108,16.79656,0.14529663,13.748552,14.31811,0.14529663,7.855219,8.424781
plate-3-well-7D_S268,plate-3-well-7D,lhp,meristem,meristem,y,2021,6,10,meristem_4_LHP,tidepool,,NA,submerged,15.8,10.7,severe,n*,possibly recovered,,,,,,field,,,,17.6,16.1,,3,10.27667,0.12897028,3,8.07,0.026457513,3,15.63333,0.61101009,0.074461026,10.130723,10.42261,0.35276684,14.94191,16.32476,0.35276684,7.378577,8.761423
plate-3-well-7E_S269,plate-3-well-7E,lhp,meristem,meristem,y,2021,4,16,meristem_6_LHP,ocean,,NA,,NA,NA,,0,,,,,,,field,,,,10,9.8,,3,27.19333,0.24006943,3,7.936667,0.051316014,3,11.43333,0.30550505,0.138604153,26.921669,27.465,0.17638342,11.087622,11.77904,0.17638342,7.590955,8.282378
plate-3-well-7H_S272,plate-3-well-7H,gw,meristem,meristem,y,2021,4,30,meristem_2_GW,ocean,,NA,dry,40.1,15,light,no,,,,,,,field,,,,15.7,13.5,,3,28.06333,0.2510644,3,8.026667,0.046188022,3,10.36667,0.40414519,0.144952099,27.779227,28.34744,0.23333333,9.909333,10.824,0.23333333,7.569333,8.484
plate-3-well-8A_S273,plate-3-well-8A,scp,meristem,meristem,y,2021,6,23,meristem_1_SCP,ocean,,NA,dry,29,8,light,no,n,n,,,,,field,,,,16.4,17.2,,3,18.77667,0.090185,3,8.003333,0.060277138,3,18.46667,0.05773503,0.052068331,18.674613,18.87872,0.03333333,18.401333,18.532,0.03333333,7.938,8.068667
plate-3-well-8G_S279,plate-3-well-8G,gw,meristem,meristem,y,2021,6,24,meristem_5_GW,ocean,,NA,submerged,110,14.9,moderate,no,n,n,,,,,field,,,,9.4,10.9,,3,27.3,0.11789826,3,8.043333,0.037859389,3,14.53333,0.28867514,0.068068593,27.166586,27.43341,0.16666667,14.206667,14.86,0.16666667,7.716667,8.37
plate-3-well-9D_S284,plate-3-well-9D,tb,meristem,meristem,y,2021,4,17,meristem_4_TB,ocean,,NA,,NA,NA,,0,,,,,,,field,,,,6.4,7.1,,2,29.795,0.03535534,2,8.09,0.014142136,2,14.95,0.07071068,0.025,29.746,29.844,0.05,14.852,15.048,0.05,7.992,8.188
plate-3-well-9G_S287,plate-3-well-9G,tb,meristem,meristem,y,2021,5,28,meristem_5_TB,ocean,,NA,waves,41.9,8,moderate,yes,,,,,,,field,,,,11,10.3,,3,16.62333,0.1530795,3,8.14,0,3,14.03333,0.25166115,0.088380491,16.450108,16.79656,0.14529663,13.748552,14.31811,0.14529663,7.855219,8.424781
plate-4-well-1C_S291,plate-4-well-1C,tb,rock,meristem,y,2021,4,30,rock_3_TB,ocean,,NA,,NA,NA,,0,,,,,,,field,,,,NA,NA,,2,26.2,0.65053824,2,8,0.028284271,2,11.95,1.48492424,0.46,25.2984,27.1016,1.05,9.892,14.008,1.05,5.942,10.058
rock1-tb-2022-5-31,rock1-tb-2022-5-31,tb,rock,meristem,y,2022,5,31,rock1-tb-2022-5-31,ocean,,NA,,NA,0,,,,,,,,,field,,,,NA,NA,,3,16.57667,0.28041636,3,8.073921,0.002783369,3,15.2,0.26457513,0.161898459,16.259346,16.89399,0.15275252,14.900605,15.49939,0.15275252,7.774526,8.373316
rock2-scp-2022-5-16,rock2-scp-2022-5-16,scp,rock,meristem,y,2022,5,16,rock2-scp-2022-5-16,ocean,,NA,,NA,0,,,,,,,,,field,,,,NA,NA,,3,22.23,0.49689033,3,8.128558,0.002783369,3,10.96667,0.25166115,0.286879766,21.667716,22.79228,0.14529663,10.681885,11.25145,0.14529663,7.843777,8.41334
water1-gw-2022-6-28,water1-gw-2022-6-28,gw,water,meristem,y,2022,6,28,water1-gw-2022-6-28,ocean,,30,,NA,0,,,,,,,,,field,,D-1,,NA,NA,,3,23.72667,0.16862187,3,8.080349,0.002783369,3,14.63333,0.15275252,0.097353879,23.535853,23.91748,0.08819171,14.460478,14.80619,0.08819171,7.907493,8.253205
water2-cp-2022-5-16,water2-cp-2022-5-16,cp,water,meristem,y,2022,5,16,water2-cp-2022-5-16,ocean,,NA,,NA,0,,,,,,,,,field,,,,NA,NA,,3,21.13,0.15099669,3,8.131772,0.002783369,3,10.9,0.26457513,0.087177979,20.959131,21.30087,0.15275252,10.600605,11.19939,0.15275252,7.832377,8.431167
