"","year","month","day","site_of_orginin","meristem_id","exp_day","aquarium_salinity","tank_id","time_low_sal_h","meristem_id_old","wet_weight_g","X2022_freshet_sample","pam_id","pam_notes","blistering_lab","holes_general_dammage","bleached","pre_dry_weight_g","post_dry_weight_g","culture_round","petri_dish_weight_g","time","type","F1","Fm","PAR","Y","ETR"
"1",2022,6,14,"gw",13,1,10,"c",NA,NA,4.22,"yes",13,"demerestiamaybeinaquaria",0,0,0,NA,NA,5,NA,"14:43:32","F","53",91,0,"0.418","0"
"2",2022,6,14,"gw",14,1,10,"c",NA,NA,4.96,"yes",14,"demerestiamaybeinaquaria",0,0,0,NA,NA,5,NA,"14:43:37","F","31",135,0,"0.77","0"
"3",2022,6,14,"gw",15,1,10,"c",NA,NA,9.48,"yes",15,"demerestiamaybeinaquaria",0,0,0,NA,NA,5,NA,"14:43:44","F","44",102,0,"0.569","0"
"4",2022,6,15,"gw",13,2,10,"c",NA,NA,4.06,"yes",13,"demerestiamaybeinaquaria",1,0,0,NA,NA,5,NA,"16:20:51","F","69",313,0,"0.78","0"
"5",2022,6,15,"gw",14,2,10,"c",NA,NA,5.17,"yes",14,"demerestiamaybeinaquaria",1,0,0,NA,NA,5,NA,"16:20:58","F","101",310,0,"0.674","0"
"6",2022,6,15,"gw",15,2,10,"c",NA,NA,10.69,"yes",15,"demerestiamaybeinaquaria",1,0,0,NA,NA,5,NA,"16:21:07","F","45",243,0,"0.815","0"
"7",2022,4,19,"gw",1,1,30,"a",NA,NA,5.98,"yes",1,"didn'tauto0",0,0,0,NA,NA,1,NA,"18:11:04","F","110",394,0,"0.721","0"
"8",2022,4,19,"gw",2,1,20,"b",NA,NA,5.41,"yes",2,"didn'tauto0",0,0,0,NA,NA,1,NA,"18:23:18","F","61",318,0,"0.808","0"
"9",2022,4,19,"gw",3,1,10,"c",NA,NA,3.6,"yes",3,"didn'tauto0",0,0,0,NA,NA,1,NA,"18:23:34","F","114",383,0,"0.702","0"
"10",2022,4,19,"gw",4,1,30,"d",NA,NA,3.84,"yes",4,"didn'tauto0",0,0,0,NA,NA,1,NA,"18:23:48","F","91",324,0,"0.719","0"
"11",2022,4,19,"gw",5,1,20,"e",NA,NA,1.15,"yes",5,"didn'tauto0",0,0,0,NA,NA,1,NA,"18:33:06","F","109",439,0,"0.752","0"
"12",2022,4,19,"gw",6,1,10,"f",NA,NA,4.4,"yes",6,"didn'tauto0",0,0,0,NA,NA,1,NA,"18:33:18","F","91",325,0,"0.72","0"
"13",2022,4,19,"gw",7,1,30,"a",NA,NA,2.8,"yes",7,"didn'tauto0",0,0,0,NA,NA,1,NA,"18:33:32","F","99",389,0,"0.746","0"
"14",2022,4,19,"gw",8,1,20,"b",NA,NA,4.25,"yes",8,"didn'tauto0",0,0,0,NA,NA,1,NA,"18:33:45","F","103",348,0,"0.704","0"
"15",2022,4,19,"gw",9,1,10,"f",NA,NA,4.12,"yes",9,"didn'tauto0",0,0,0,NA,NA,1,NA,"18:42:17","F","87",383,0,"0.773","0"
"16",2022,4,19,"gw",10,1,30,"d",NA,NA,4.48,"yes",10,"didn'tauto0",0,0,0,NA,NA,1,NA,"18:42:30","F","97",374,0,"0.741","0"
"17",2022,4,19,"gw",11,1,20,"e",NA,NA,6.6,"yes",11,"didn'tauto0",0,0,0,NA,NA,1,NA,"18:42:42","F","100",373,0,"0.732","0"
"18",2022,4,19,"gw",12,1,10,"f",NA,NA,2.14,"yes",12,"didn'tauto0",0,0,0,NA,NA,1,NA,"18:42:54","F","104",417,0,"0.751","0"
"19",2022,4,19,"gw",13,1,30,"a",NA,NA,5.58,"yes",13,"didn'tauto0",0,0,0,NA,NA,1,NA,"18:51:22","F","103",330,0,"0.688","0"
"20",2022,4,19,"gw",14,1,20,"b",NA,NA,5.22,"yes",14,"didn'tauto0",0,0,0,NA,NA,1,NA,"18:51:34","F","124",410,0,"0.698","0"
"21",2022,4,19,"gw",16,1,10,"c",NA,NA,3.4,"yes",15,"didn'tauto0",0,0,0,NA,NA,1,NA,"18:51:45","F","82",339,0,"0.758","0"
"22",2022,4,19,"gw",17,1,30,"d",NA,NA,2.65,"yes",16,"didn'tauto0",0,0,0,NA,NA,1,NA,"18:59:25","F","70",372,0,"0.812","0"
"23",2022,4,19,"gw",18,1,20,"e",NA,NA,4.61,"yes",17,"didn'tauto0",0,0,0,NA,NA,1,NA,"18:59:33","F","129",356,0,"0.638","0"
"24",2022,4,20,"gw",1,2,30,"a",NA,NA,6.7,"yes",4,"didn'tauto0",0,0,0,NA,NA,1,NA,"18:59:24","F","70",239,0,"0.707","0"
"25",2022,4,20,"gw",2,2,20,"b",NA,NA,5.5,"yes",10,"didn'tauto0",0,0,0,NA,NA,1,NA,"19:18:29","F","53",230,0,"0.77","0"
"26",2022,4,20,"gw",3,2,10,"c",NA,NA,4.5,"yes",13,"didn'tauto0",0,0,0,NA,NA,1,NA,"19:31:10","F","78",271,0,"0.712","0"
"27",2022,4,20,"gw",4,2,30,"d",NA,NA,4.01,"yes",15,"didn'tauto0",0,0,0,NA,NA,1,NA,"19:39:28","F","56",248,0,"0.774","0"
"28",2022,4,20,"gw",5,2,20,"e",NA,NA,1.33,"yes",7,"didn'tauto0",0,0,0,NA,NA,1,NA,"19:09:20","F","85",361,0,"0.765","0"
"29",2022,4,20,"gw",6,2,10,"f",NA,NA,5.55,"yes",18,"didn'tauto0",0,0,0,NA,NA,1,NA,"19:48:11","F","40",82,0,"0.512","0"
"30",2022,4,20,"gw",7,2,30,"a",NA,NA,2.79,"yes",5,"didn'tauto0",0,0,0,NA,NA,1,NA,"18:59:33","F","91",309,0,"0.706","0"
"31",2022,4,20,"gw",8,2,20,"b",NA,NA,4.31,"yes",11,"didn'tauto0",0,0,0,NA,NA,1,NA,"19:18:43","F","76",252,0,"0.698","0"
"32",2022,4,20,"gw",9,2,10,"f",NA,NA,3.92,"yes",19,"didn'tauto0",0,0,0,NA,NA,1,NA,"19:48:19","F","73",226,0,"0.677","0"
"33",2022,4,20,"gw",10,2,30,"d",NA,NA,4.17,"yes",16,"didn'tauto0",0,0,0,NA,NA,1,NA,"19:39:36","F","72",227,0,"0.683","0"
"34",2022,4,20,"gw",11,2,20,"e",NA,NA,7.04,"yes",8,"didn'tauto0",0,0,0,NA,NA,1,NA,"19:09:29","F","75",206,0,"0.636","0"
"35",2022,4,20,"gw",12,2,10,"f",NA,NA,2.67,"yes",20,"didn'tauto0",0,0,0,NA,NA,1,NA,"19:48:27","F","122",201,0,"0.393","0"
"36",2022,4,20,"gw",13,2,30,"a",NA,NA,5.69,"yes",6,"didn'tauto0",0,0,0,NA,NA,1,NA,"18:59:41","F","100",284,0,"0.648","0"
"37",2022,4,20,"gw",14,2,20,"b",NA,NA,5.64,"yes",12,"didn'tauto0",0,0,0,NA,NA,1,NA,"19:18:53","F","80",265,0,"0.698","0"
"38",2022,4,20,"gw",16,2,10,"c",NA,NA,4.56,"yes",14,"didn'tauto0",0,0,0,NA,NA,1,NA,"19:31:19","F","86",258,0,"0.667","0"
"39",2022,4,20,"gw",17,2,30,"d",NA,NA,5.59,"yes",17,"didn'tauto0",0,0,0,NA,NA,1,NA,"19:39:45","F","97",312,0,"0.689","0"
"40",2022,4,20,"gw",18,2,20,"e",NA,NA,2.98,"yes",9,"didn'tauto0",0,0,0,NA,NA,1,NA,"19:09:37","F","72",225,0,"0.68","0"
"41",2022,4,25,"gw",1,7,30,"a",NA,NA,9.31,"yes",2,"didn'tauto0",0,0,0,NA,NA,1,NA,"17:56:26","F","67",340,0,"0.803","0"
"42",2022,4,25,"gw",2,7,20,"b",NA,NA,6.85,"yes",5,"didn'tauto0",1,1,1,NA,NA,1,NA,"18:11:34","F","51",191,0,"0.733","0"
"43",2022,4,25,"gw",3,7,10,"c",NA,NA,4.57,"yes",8,"didn'tauto0",0,0,1,NA,NA,1,NA,"18:23:56","F","84",257,0,"0.673","0"
"44",2022,4,25,"gw",4,7,30,"d",NA,NA,5.54,"yes",10,"didn'tauto0",1,1,0,NA,NA,1,NA,"18:36:06","F","86",358,0,"0.76","0"
"45",2022,4,25,"gw",5,7,20,"e",NA,NA,1.35,"yes",13,"didn'tauto0",0,0,1,NA,NA,1,NA,"18:49:42","F","112",294,0,"0.619","0"
"46",2022,4,25,"gw",6,7,10,"f",NA,NA,5.12,"yes",16,"didn'tauto0",0,0,1,10.81,8.25,1,8.07,"19:01:04","F","65",137,0,"0.526","0"
"47",2022,4,25,"gw",7,7,30,"a",NA,NA,3.3,"yes",3,"didn'tauto0",0,0,0,10.3,8.31,1,8.07,"17:56:34","F","68",377,0,"0.82","0"
"48",2022,4,25,"gw",8,7,20,"b",NA,NA,4.28,"yes",6,"didn'tauto0",0,0,1,10.72,8.32,1,8.07,"18:11:42","F","81",262,0,"0.691","0"
"49",2022,4,25,"gw",9,7,10,"f",NA,NA,NA,"yes",NA,"didn'tauto0",0,0,1,NA,NA,1,NA,"17:46:23","SCHS","Chart start ",NA,NA,NA,NA
"50",2022,4,25,"gw",10,7,30,"d",NA,NA,5.39,"yes",11,"didn'tauto0",0,0,0,10.95,8.35,1,8.07,"18:36:12","F","59",242,0,"0.756","0"
"51",2022,4,25,"gw",11,7,20,"e",NA,NA,6.8,"yes",14,"didn'tauto0",0,0,1,12.35,8.47,1,8.07,"18:49:49","F","51",368,0,"0.861","0"
"52",2022,4,25,"gw",12,7,10,"f",NA,NA,NA,"yes",NA,"didn'tauto0",0,0,1,NA,NA,1,NA,"17:46:23","SCHS","Chart start ",NA,NA,NA,NA
"53",2022,4,25,"gw",13,7,30,"a",NA,NA,8.04,"yes",4,"didn'tauto0",1,0,0,13.89,8.79,1,8.07,"17:56:42","F","67",261,0,"0.743","0"
"54",2022,4,25,"gw",14,7,20,"b",NA,NA,6.01,"yes",7,"didn'tauto0",1,0,1,11.81,8.43,1,8.07,"18:11:50","F","67",200,0,"0.665","0"
"55",2022,4,25,"gw",16,7,10,"c",NA,NA,4.36,"yes",9,"didn'tauto0",0,1,1,10.62,8.25,1,8.07,"18:24:08","F","60",164,0,"0.634","0"
"56",2022,4,25,"gw",17,7,30,"d",NA,NA,7.05,"yes",12,"didn'tauto0",0,0,0,13.22,8.6,1,8.07,"18:36:19","F","102",360,0,"0.717","0"
"57",2022,4,25,"gw",18,7,20,"e",NA,NA,2.95,"yes",15,"didn'tauto0",0,0,1,9.37,8.17,1,8.07,"18:49:56","F","72",258,0,"0.721","0"
"58",2022,5,3,"gw",1,1,30,"a",NA,NA,5.59,"yes",1,"didn'tauto0",0,0,0,NA,NA,2,NA,"16:50:15","F","40",131,0,"0.695","0"
"59",2022,5,3,"gw",2,1,30,"a",NA,NA,1.56,"yes",2,"didn'tauto0",0,0,0,NA,NA,2,NA,"16:50:28","F","40",184,0,"0.783","0"
"60",2022,5,3,"gw",3,1,30,"a",NA,NA,2.81,"yes",3,"didn'tauto0",0,0,0,NA,NA,2,NA,"16:50:39","F","47",200,0,"0.765","0"
"61",2022,5,3,"gw",4,1,30,"d",NA,NA,3.36,"yes",4,"didn'tauto0",1,0,0,NA,NA,2,NA,"16:50:50","F","53",192,0,"0.724","0"
"62",2022,5,3,"gw",5,1,30,"d",NA,NA,4.74,"yes",5,"didn'tauto0",0,0,0,NA,NA,2,NA,"16:51:00","F","60",168,0,"0.643","0"
"63",2022,5,3,"gw",6,1,30,"d",NA,NA,4.87,"yes",6,"didn'tauto0",0,0,0,NA,NA,2,NA,"17:01:14","F","61",193,0,"0.684","0"
"64",2022,5,3,"gw",7,1,20,"b",NA,NA,2.14,"yes",7,"didn'tauto0",0,1,0,NA,NA,2,NA,"17:01:25","F","58",237,0,"0.755","0"
"65",2022,5,3,"gw",8,1,20,"b",NA,NA,2.74,"yes",8,"didn'tauto0",0,0,0,NA,NA,2,NA,"17:01:34","F","54",209,0,"0.742","0"
"66",2022,5,3,"gw",9,1,20,"b",NA,NA,2.3,"yes",9,"didn'tauto0",0,0,0,NA,NA,2,NA,"17:01:47","F","57",175,0,"0.674","0"
"67",2022,5,3,"gw",10,1,20,"e",NA,NA,2.99,"yes",10,"didn'tauto0",0,0,0,NA,NA,2,NA,"17:01:57","F","55",186,0,"0.704","0"
"68",2022,5,3,"gw",11,1,20,"e",NA,NA,5.87,"yes",11,"didn'tauto0",0,1,0,NA,NA,2,NA,"17:10:33","F","45",191,0,"0.764","0"
"69",2022,5,3,"gw",12,1,20,"e",NA,NA,4.59,"yes",12,"didn'tauto0",0,0,0,NA,NA,2,NA,"17:10:41","F","61",192,0,"0.682","0"
"70",2022,5,3,"gw",13,1,10,"c",NA,NA,4.66,"yes",13,"didn'tauto0",0,0,0,NA,NA,2,NA,"17:10:52","F","55",179,0,"0.693","0"
"71",2022,5,3,"gw",14,1,10,"c",NA,NA,4.33,"yes",16,"didn'tauto0",0,0,0,NA,NA,2,NA,"17:22:02","F","42",183,0,"0.77","0"
"72",2022,5,3,"gw",15,1,10,"c",NA,NA,2.83,"yes",14,"didn'tauto0",0,0,0,NA,NA,2,NA,"17:11:01","F","52",192,0,"0.729","0"
"73",2022,5,3,"gw",16,1,10,"f",NA,NA,3.4,"yes",15,"didn'tauto0",0,0,0,NA,NA,2,NA,"17:11:12","F","40",40,0,"-","-"
"74",2022,5,3,"gw",17,1,10,"f",NA,NA,2.6,"yes",17,"didn'tauto0",0,0,0,NA,NA,2,NA,"17:22:13","F","71",207,0,"0.657","0"
"75",2022,5,3,"gw",18,1,10,"f",NA,NA,2.04,"yes",18,"didn'tauto0",0,0,0,NA,NA,2,NA,"17:22:24","F","52",190,0,"0.726","0"
"76",2022,5,4,"gw",1,2,30,"a",NA,NA,6.57,"yes",1,"didn'tauto0",0,0,0,NA,NA,2,NA,"15:50:46","F","66",241,0,"0.726","0"
"77",2022,5,4,"gw",2,2,30,"a",NA,NA,1.98,"yes",2,"didn'tauto0",0,0,0,NA,NA,2,NA,"15:51:04","F","92",310,0,"0.703","0"
"78",2022,5,4,"gw",3,2,30,"a",NA,NA,3.35,"yes",3,"didn'tauto0",0,0,0,NA,NA,2,NA,"15:51:13","F","64",253,0,"0.747","0"
"79",2022,5,4,"gw",4,2,30,"d",NA,NA,3.87,"yes",4,"didn'tauto0",1,0,0,NA,NA,2,NA,"15:51:30","F","104",309,0,"0.663","0"
"80",2022,5,4,"gw",5,2,30,"d",NA,NA,5.16,"yes",5,"didn'tauto0",0,0,0,NA,NA,2,NA,"15:51:48","F","80",285,0,"0.719","0"
"81",2022,5,4,"gw",6,2,30,"d",NA,NA,6.11,"yes",6,"didn'tauto0",0,0,0,NA,NA,2,NA,"15:51:58","F","85",292,0,"0.709","0"
"82",2022,5,4,"gw",7,2,20,"b",NA,NA,2.66,"yes",7,"didn'tauto0",0,1,0,NA,NA,2,NA,"16:03:33","F","72",224,0,"0.679","0"
"83",2022,5,4,"gw",8,2,20,"b",NA,NA,3.17,"yes",8,"didn'tauto0",0,0,0,NA,NA,2,NA,"16:03:42","F","105",337,0,"0.688","0"
"84",2022,5,4,"gw",9,2,20,"b",NA,NA,2.89,"yes",9,"didn'tauto0",0,1,0,NA,NA,2,NA,"16:03:52","F","69",270,0,"0.744","0"
"85",2022,5,4,"gw",10,2,20,"e",NA,NA,3.38,"yes",10,"didn'tauto0",0,0,0,NA,NA,2,NA,"16:04:03","F","72",212,0,"0.66","0"
"86",2022,5,4,"gw",11,2,20,"e",NA,NA,6.67,"yes",11,"didn'tauto0",0,1,0,NA,NA,2,NA,"16:04:15","F","73",376,0,"0.806","0"
"87",2022,5,4,"gw",12,2,20,"e",NA,NA,4.94,"yes",12,"didn'tauto0",0,0,0,NA,NA,2,NA,"16:04:24","F","82",268,0,"0.694","0"
"88",2022,5,4,"gw",13,2,10,"c",NA,NA,5.64,"yes",13,"didn'tauto0",0,0,0,NA,NA,2,NA,"16:15:57","F","104",321,0,"0.676","0"
"89",2022,5,4,"gw",14,2,10,"c",NA,NA,5.13,"yes",14,"didn'tauto0",0,0,0,NA,NA,2,NA,"16:16:06","F","68",225,0,"0.698","0"
"90",2022,5,4,"gw",15,2,10,"c",NA,NA,4.06,"yes",15,"didn'tauto0",0,0,0,NA,NA,2,NA,"16:16:15","F","75",243,0,"0.691","0"
"91",2022,5,4,"gw",16,2,10,"f",NA,NA,3.21,"yes",16,"didn'tauto0",0,0,0,NA,NA,2,NA,"16:16:25","F","76",229,0,"0.668","0"
"92",2022,5,4,"gw",17,2,10,"f",NA,NA,3.19,"yes",17,"didn'tauto0",0,0,0,NA,NA,2,NA,"16:16:33","F","107",310,0,"0.655","0"
"93",2022,5,4,"gw",18,2,10,"f",NA,NA,2.07,"yes",18,"didn'tauto0",0,0,0,NA,NA,2,NA,"16:16:41","F","71",259,0,"0.726","0"
"94",2022,5,6,"gw",1,4,30,"a",NA,NA,8.87,"yes",1,"",0,0,0,17.98,8.33,2,8.07,"16:05:53","F","105",346,0,"0.697","0"
"95",2022,5,6,"gw",2,4,30,"a",NA,NA,2.31,"yes",2,"",0,0,0,16.63,8.17,2,8.07,"16:06:11","F","102",401,0,"0.746","0"
"96",2022,5,6,"gw",3,4,30,"a",NA,NA,4.09,"yes",3,"",0,0,0,NA,NA,2,NA,"16:06:24","F","106",411,0,"0.742","0"
"97",2022,5,6,"gw",4,4,30,"d",NA,NA,5.85,"yes",4,"",0,0,0,18.4,8.34,2,8.07,"16:06:34","F","107",407,0,"0.737","0"
"98",2022,5,6,"gw",5,4,30,"d",NA,NA,6.16,"yes",5,"",0,0,0,18.68,8.38,2,8.07,"16:06:45","F","138",431,0,"0.68","0"
"99",2022,5,6,"gw",6,4,30,"d",NA,NA,7.65,"yes",6,"",0,0,0,NA,NA,2,NA,"16:06:55","F","116",376,0,"0.691","0"
"100",2022,5,6,"gw",7,4,20,"b",NA,NA,3.08,"yes",7,"",0,0,0,17.25,8.24,2,8.07,"16:19:58","F","82",313,0,"0.738","0"
"101",2022,5,6,"gw",8,4,20,"b",NA,NA,3.61,"yes",8,"",0,0,0,17.47,8.22,2,8.07,"16:20:07","F","156",445,0,"0.649","0"
"102",2022,5,6,"gw",9,4,20,"b",NA,NA,3.33,"yes",9,"",0,1,0,NA,NA,2,NA,"16:20:16","F","93",384,0,"0.758","0"
"103",2022,5,6,"gw",10,4,20,"e",NA,NA,4.71,"yes",10,"",0,0,0,17.48,8.21,2,8.07,"16:20:24","F","104",337,0,"0.691","0"
"104",2022,5,6,"gw",11,4,20,"e",NA,NA,7.35,"yes",11,"",0,1,0,18.63,8.3,2,8.07,"16:20:35","F","112",423,0,"0.735","0"
"105",2022,5,6,"gw",12,4,20,"e",NA,NA,5.61,"yes",12,"",0,1,0,NA,NA,2,NA,"16:20:44","F","87",327,0,"0.734","0"
"106",2022,5,6,"gw",13,4,10,"c",NA,NA,6.39,"yes",13,"",0,0,0,18.53,8.37,2,8.07,"16:33:43","F","87",328,0,"0.735","0"
"107",2022,5,6,"gw",14,4,10,"c",NA,NA,5.69,"yes",14,"",0,0,0,17.69,8.2,2,8.07,"16:33:51","F","88",296,0,"0.703","0"
"108",2022,5,6,"gw",15,4,10,"c",NA,NA,4.64,"yes",15,"",0,0,0,NA,NA,2,NA,"16:33:59","F","91",310,0,"0.706","0"
"109",2022,5,6,"gw",16,4,10,"f",NA,NA,3.29,"yes",16,"",0,0,0,16.91,8.18,2,8.07,"16:34:09","F","104",387,0,"0.731","0"
"110",2022,5,6,"gw",17,4,10,"f",NA,NA,3.01,"yes",17,"",0,0,0,17.2,8.21,2,8.07,"16:34:18","F","107",379,0,"0.718","0"
"111",2022,5,6,"gw",18,4,10,"f",NA,NA,2.51,"yes",18,"",0,0,0,NA,NA,2,NA,"16:34:28","F","110",389,0,"0.717","0"
"112",2022,5,17,"gw",1,1,30,"a",NA,NA,2.73,"yes",1,"",0,0,0,NA,NA,3,NA,"15:20:59","F","92",261,0,"0.648","0"
"113",2022,5,18,"gw",1,2,30,"a",NA,NA,2.71,"yes",1,"",0,1,0,NA,NA,3,NA,"15:45:35","F","79",365,0,"0.784","0"
"114",2022,5,21,"gw",1,5,30,"a",NA,NA,2.91,"yes",1,"",0,1,0,10.4,8.3,3,8.07,"16:02:35","F","78",262,0,"0.702","0"
"115",2022,5,17,"gw",2,1,30,"a",NA,NA,12.85,"yes",2,"",0,0,0,NA,NA,3,NA,"15:21:09","F","77",328,0,"0.765","0"
"116",2022,5,18,"gw",2,2,30,"a",NA,NA,11.94,"yes",2,"",0,0,0,NA,NA,3,NA,"15:45:45","F","92",321,0,"0.713","0"
"117",2022,5,21,"gw",2,5,30,"a",NA,NA,14.38,"yes",2,"",0,0,0,14.45,8.72,3,8.07,"16:02:45","F","92",279,0,"0.67","0"
"118",2022,5,17,"gw",3,1,30,"a",NA,NA,3.2,"yes",3,"",0,0,0,NA,NA,3,NA,"15:21:19","F","59",313,0,"0.812","0"
"119",2022,5,18,"gw",3,2,30,"a",NA,NA,3.07,"yes",3,"",0,0,0,NA,NA,3,NA,"15:45:54","F","78",353,0,"0.779","0"
"120",2022,5,21,"gw",3,5,30,"a",NA,NA,3.69,"yes",3,"",0,0,0,NA,NA,3,NA,"16:02:55","F","69",277,0,"0.751","0"
"121",2022,5,17,"gw",4,1,20,"b",NA,NA,4.38,"yes",4,"",0,0,0,NA,NA,3,NA,"15:21:29","F","65",349,0,"0.814","0"
"122",2022,5,18,"gw",4,2,20,"b",NA,NA,4.45,"yes",7,"",0,0,0,NA,NA,3,NA,"15:56:58","F","88",319,0,"0.724","0"
"123",2022,5,21,"gw",4,5,20,"b",NA,NA,4.55,"yes",7,"",0,1,0,11.16,8.38,3,8.07,"16:16:06","F","68",228,0,"0.702","0"
"124",2022,5,17,"gw",5,1,20,"b",NA,NA,5.7,"yes",5,"",0,0,0,NA,NA,3,NA,"15:21:39","F","75",355,0,"0.789","0"
"125",2022,5,18,"gw",5,2,20,"b",NA,NA,5.83,"yes",8,"",0,0,0,NA,NA,3,NA,"15:57:06","F","93",356,0,"0.739","0"
"126",2022,5,21,"gw",5,5,20,"b",NA,NA,6.33,"yes",8,"",0,1,0,11.74,8.4,3,8.07,"16:16:16","F","70",278,0,"0.748","0"
"127",2022,5,17,"gw",6,1,20,"b",NA,NA,21.53,"yes",6,"",0,0,0,NA,NA,3,NA,"15:31:04","F","72",283,0,"0.746","0"
"128",2022,5,18,"gw",6,2,20,"b",NA,NA,21.15,"yes",9,"",1,0,0,NA,NA,3,NA,"15:57:15","F","98",384,0,"0.745","0"
"129",2022,5,21,"gw",6,5,20,"b",NA,NA,22.5,"yes",9,"",0,1,0,NA,NA,3,NA,"16:16:25","F","87",277,0,"0.686","0"
"130",2022,5,17,"gw",7,1,10,"c",NA,NA,6.37,"yes",7,"",0,0,0,NA,NA,3,NA,"15:31:15","F","80",429,0,"0.814","0"
"131",2022,5,18,"gw",7,2,10,"c",NA,NA,6.25,"yes",13,"",1,0,0,NA,NA,3,NA,"16:06:40","F","79",271,0,"0.708","0"
"132",2022,5,21,"gw",7,5,10,"c",NA,NA,7.12,"yes",13,"",1,0,0,13.68,8.57,3,8.07,"16:30:12","F","89",293,0,"0.696","0"
"133",2022,5,17,"gw",8,1,10,"c",NA,NA,5.68,"yes",8,"",0,0,0,NA,NA,3,NA,"15:31:26","F","82",326,0,"0.748","0"
"134",2022,5,18,"gw",8,2,10,"c",NA,NA,5.87,"yes",14,"",0,0,0,NA,NA,3,NA,"16:06:48","F","96",308,0,"0.688","0"
"135",2022,5,21,"gw",8,5,10,"c",NA,NA,6.39,"yes",14,"",0,1,0,11.74,8.41,3,8.07,"16:30:21","F","78",287,0,"0.728","0"
"136",2022,5,17,"gw",9,1,10,"c",NA,NA,6.06,"yes",9,"",0,0,0,NA,NA,3,NA,"15:31:37","F","113",293,0,"0.614","0"
"137",2022,5,18,"gw",9,2,10,"c",NA,NA,6.05,"yes",15,"",0,0,0,NA,NA,3,NA,"16:06:58","F","99",367,0,"0.73","0"
"138",2022,5,21,"gw",9,5,10,"c",NA,NA,7.19,"yes",15,"",0,1,0,NA,NA,3,NA,"16:30:30","F","85",279,0,"0.695","0"
"139",2022,5,17,"gw",10,1,30,"d",NA,NA,3.43,"yes",10,"",0,0,0,NA,NA,3,NA,"15:31:46","F","95",412,0,"0.769","0"
"140",2022,5,18,"gw",10,2,30,"d",NA,NA,3.16,"yes",4,"",0,1,0,NA,NA,3,NA,"15:46:06","F","111",365,0,"0.696","0"
"141",2022,5,21,"gw",10,5,30,"d",NA,NA,3.62,"yes",4,"",1,1,0,10.31,8.32,3,8.07,"16:03:06","F","107",309,0,"0.654","0"
"142",2022,5,17,"gw",11,1,30,"d",NA,NA,4.95,"yes",11,"",0,0,0,NA,NA,3,NA,"15:31:56","F","76",330,0,"0.77","0"
"143",2022,5,18,"gw",11,2,30,"d",NA,NA,4.41,"yes",5,"",0,0,0,NA,NA,3,NA,"15:46:14","F","109",323,0,"0.663","0"
"144",2022,5,21,"gw",11,5,30,"d",NA,NA,6.03,"yes",5,"",0,0,0,12.14,8.49,3,8.07,"16:03:15","F","80",251,0,"0.681","0"
"145",2022,5,17,"gw",12,1,30,"d",NA,NA,1.51,"yes",12,"",0,0,0,NA,NA,3,NA,"15:41:04","F","93",394,0,"0.764","0"
"146",2022,5,18,"gw",12,2,30,"d",NA,NA,1.69,"yes",6,"",0,0,0,NA,NA,3,NA,"15:46:25","F","89",322,0,"0.724","0"
"147",2022,5,21,"gw",12,5,30,"d",NA,NA,1.78,"yes",6,"",0,0,0,NA,NA,3,NA,"16:03:32","F","70",271,0,"0.742","0"
"148",2022,5,17,"gw",13,1,20,"e",NA,NA,2.41,"yes",13,"",0,0,0,NA,NA,3,NA,"15:41:15","F","76",360,0,"0.789","0"
"149",2022,5,18,"gw",13,2,20,"e",NA,NA,2.49,"yes",10,"",0,1,0,NA,NA,3,NA,"15:57:24","F","85",333,0,"0.745","0"
"150",2022,5,21,"gw",13,5,20,"e",NA,NA,2.78,"yes",10,"",0,1,0,9.44,8.29,3,8.07,"16:16:35","F","83",316,0,"0.737","0"
"151",2022,5,17,"gw",14,1,20,"e",NA,NA,1.57,"yes",14,"",0,0,0,NA,NA,3,NA,"15:41:26","F","105",332,0,"0.684","0"
"152",2022,5,18,"gw",14,2,20,"e",NA,NA,1.62,"yes",11,"",0,1,0,NA,NA,3,NA,"15:57:36","F","102",386,0,"0.736","0"
"153",2022,5,21,"gw",14,5,20,"e",NA,NA,2.36,"yes",11,"",0,1,0,9.23,8.18,3,8.07,"16:16:46","F","88",316,0,"0.722","0"
"154",2022,5,17,"gw",15,1,20,"e",NA,NA,1.89,"yes",15,"",0,0,0,NA,NA,3,NA,"15:41:47","F","107",378,0,"0.717","0"
"155",2022,5,18,"gw",15,2,20,"e",NA,NA,1.86,"yes",12,"",0,1,0,NA,NA,3,NA,"15:57:45","F","124",435,0,"0.715","0"
"156",2022,5,21,"gw",15,5,20,"e",NA,NA,2.35,"yes",12,"",0,1,0,NA,NA,3,NA,"16:16:59","F","107",393,0,"0.728","0"
"157",2022,5,17,"gw",16,1,10,"f",NA,NA,2.95,"yes",16,"",0,0,0,NA,NA,3,NA,"15:41:58","F","90",359,0,"0.749","0"
"158",2022,5,18,"gw",16,2,10,"f",NA,NA,2.83,"yes",16,"",0,0,0,NA,NA,3,NA,"16:07:08","F","103",351,0,"0.707","0"
"159",2022,5,21,"gw",16,5,10,"f",NA,NA,3.18,"yes",16,"",0,0,0,10.3,8.27,3,8.07,"16:30:40","F","79",284,0,"0.722","0"
"160",2022,5,17,"gw",17,1,10,"f",NA,NA,1.43,"yes",17,"",0,0,0,NA,NA,3,NA,"15:42:09","F","87",376,0,"0.769","0"
"161",2022,5,18,"gw",17,2,10,"f",NA,NA,1.74,"yes",17,"",0,0,0,NA,NA,3,NA,"16:07:17","F","112",365,0,"0.693","0"
"162",2022,5,21,"gw",17,5,10,"f",NA,NA,2.04,"yes",17,"",0,1,0,8.94,8.16,3,8.07,"16:30:49","F","94",291,0,"0.677","0"
"163",2022,5,17,"gw",18,1,10,"f",NA,NA,1.58,"yes",18,"",0,0,0,NA,NA,3,NA,"15:42:19","F","72",293,0,"0.754","0"
"164",2022,5,18,"gw",18,2,10,"f",NA,NA,1.95,"yes",18,"",0,0,0,NA,NA,3,NA,"16:07:26","F","119",441,0,"0.73","0"
"165",2022,5,21,"gw",18,5,10,"f",NA,NA,2.22,"yes",18,"",0,1,0,NA,NA,3,NA,"16:31:00","F","96",309,0,"0.689","0"
"166",2022,5,31,"gw",1,1,30,"a",NA,NA,5.55,"yes",1,"",0,0,0,NA,NA,4,NA,"15:09:22","F","105",246,0,"0.573","0"
"167",2022,5,31,"gw",2,1,30,"a",NA,NA,7.22,"yes",2,"",0,0,0,NA,NA,4,NA,"15:09:32","F","86",280,0,"0.693","0"
"168",2022,5,31,"gw",3,1,30,"a",NA,NA,3.29,"yes",3,"",0,0,0,NA,NA,4,NA,"15:09:39","F","59",291,0,"0.797","0"
"169",2022,5,31,"gw",4,1,30,"d",NA,NA,6.09,"yes",4,"",0,0,0,NA,NA,4,NA,"15:09:49","F","93",279,0,"0.667","0"
"170",2022,5,31,"gw",5,1,30,"d",NA,NA,5.34,"yes",5,"",0,0,0,NA,NA,4,NA,"15:09:56","F","48",265,0,"0.819","0"
"171",2022,5,31,"gw",6,1,30,"d",NA,NA,6.67,"yes",6,"",0,0,0,NA,NA,4,NA,"15:10:02","F","38",249,0,"0.847","0"
"172",2022,5,31,"gw",7,1,20,"b",NA,NA,2.18,"yes",7,"",0,0,0,NA,NA,4,NA,"15:19:34","F","104",320,0,"0.675","0"
"173",2022,5,31,"gw",8,1,20,"b",NA,NA,6.47,"yes",8,"",0,0,0,NA,NA,4,NA,"15:19:41","F","66",175,0,"0.623","0"
"174",2022,5,31,"gw",9,1,20,"b",NA,NA,6.24,"yes",9,"",0,0,0,NA,NA,4,NA,"15:19:47","F","72",303,0,"0.762","0"
"175",2022,5,31,"gw",10,1,20,"e",NA,NA,4.4,"yes",10,"",0,0,0,NA,NA,4,NA,"15:19:52","F","51",372,0,"0.863","0"
"176",2022,5,31,"gw",11,1,20,"e",NA,NA,5.06,"yes",11,"",0,0,0,NA,NA,4,NA,"15:20:03","F","58",196,0,"0.704","0"
"177",2022,5,31,"gw",12,1,20,"e",NA,NA,6.44,"yes",12,"",0,0,0,NA,NA,4,NA,"15:20:10","F","56",135,0,"0.585","0"
"178",2022,5,31,"gw",13,1,10,"c",NA,NA,3.41,"yes",13,"",0,0,0,NA,NA,4,NA,"15:20:16","F","40",222,0,"0.82","0"
"179",2022,5,31,"gw",14,1,10,"c",NA,NA,10.3,"yes",14,"",0,0,0,NA,NA,4,NA,"15:29:09","F","71",258,0,"0.725","0"
"180",2022,5,31,"gw",15,1,10,"c",NA,NA,9.36,"yes",15,"",0,0,0,NA,NA,4,NA,"15:29:14","F","59",314,0,"0.812","0"
"181",2022,5,31,"gw",16,1,10,"f",NA,NA,2.71,"yes",16,"",0,0,0,NA,NA,4,NA,"15:29:22","F","40",261,0,"0.847","0"
"182",2022,5,31,"gw",17,1,10,"f",NA,NA,4.7,"yes",17,"",0,0,0,NA,NA,4,NA,"15:29:28","F","66",348,0,"0.81","0"
"183",2022,5,31,"gw",18,1,10,"f",NA,NA,6.46,"yes",18,"",0,0,0,NA,NA,4,NA,"15:29:34","F","74",221,0,"0.665","0"
"184",2022,6,1,"gw",1,2,30,"a",NA,NA,5.65,"yes",1,"",0,0,0,NA,NA,4,NA,"14:41:57","F","118",363,0,"0.675","0"
"185",2022,6,4,"gw",1,5,30,"a",NA,NA,7.57,"yes",1,"",0,0,1,13.85,8.7,4,8.07,"15:28:08","F","77",230,0,"0.665","0"
"186",2022,6,1,"gw",2,2,30,"a",NA,NA,7.05,"yes",2,"",0,0,0,NA,NA,4,NA,"14:42:05","F","99",346,0,"0.714","0"
"187",2022,6,4,"gw",2,5,30,"a",NA,NA,8.33,"yes",2,"",0,0,0,13.05,8.63,4,8.07,"15:28:15","F","45",234,0,"0.808","0"
"188",2022,6,1,"gw",3,2,30,"a",NA,NA,3.2,"yes",3,"",0,0,0,NA,NA,4,NA,"14:42:13","F","117",383,0,"0.695","0"
"189",2022,6,4,"gw",3,5,30,"a",NA,NA,4.42,"yes",3,"",0,0,0,10.78,8.04,4,7.76,"15:28:22","F","66",287,0,"0.77","0"
"190",2022,6,1,"gw",7,2,20,"b",NA,NA,2.21,"yes",7,"",0,0,1,NA,NA,4,NA,"14:52:29","F","131",388,0,"0.662","0"
"191",2022,6,4,"gw",7,5,20,"b",NA,NA,2.55,"yes",7,"",0,0,1,9.81,8.22,4,8.06,"15:39:38","F","75",252,0,"0.702","0"
"192",2022,6,1,"gw",8,2,20,"b",NA,NA,6.58,"yes",8,"",0,1,0,NA,NA,4,NA,"14:52:37","F","85",347,0,"0.755","0"
"193",2022,6,4,"gw",8,5,20,"b",NA,NA,7.32,"yes",8,"",0,1,0,12.46,8.43,4,8.06,"15:39:45","F","28",165,0,"0.83","0"
"194",2022,6,1,"gw",9,2,20,"b",NA,NA,6.33,"yes",9,"",0,0,0,NA,NA,4,NA,"14:52:43","F","63",344,0,"0.817","0"
"195",2022,6,4,"gw",9,5,20,"b",NA,NA,8.03,"yes",9,"",0,0,0,13.37,8.23,4,7.73,"15:39:51","F","26",221,0,"0.882","0"
"196",2022,6,1,"gw",13,2,10,"c",NA,NA,3.64,"yes",14,"",0,1,0,NA,NA,4,NA,"15:04:03","F","115",397,0,"0.71","0"
"197",2022,6,4,"gw",13,5,10,"c",NA,NA,4.22,"yes",13,"",0,1,0,10.71,8.27,4,8.05,"15:51:18","F","73",203,0,"0.64","0"
"198",2022,6,1,"gw",14,2,10,"c",NA,NA,10.93,"yes",15,"",0,1,0,NA,NA,4,NA,"15:04:10","F","72",312,0,"0.769","0"
"199",2022,6,4,"gw",14,5,10,"c",NA,NA,11.65,"yes",14,"",0,1,0,14.99,8.6,4,8.05,"15:51:26","F","41",211,0,"0.806","0"
"200",2022,6,1,"gw",15,2,10,"c",NA,NA,9.61,"yes",16,"",0,0,0,NA,NA,4,NA,"15:04:15","F","75",347,0,"0.784","0"
"201",2022,6,4,"gw",15,5,10,"c",NA,NA,10.63,"yes",15,"",0,0,0,13.62,8.26,4,7.74,"15:51:31","F","55",223,0,"0.753","0"
"202",2022,6,1,"gw",4,2,30,"d",NA,NA,5.85,"yes",4,"",0,0,0,NA,NA,4,NA,"14:42:20","F","103",394,0,"0.739","0"
"203",2022,6,4,"gw",4,5,30,"d",NA,NA,8.19,"yes",4,"",0,0,0,13.77,8.64,4,8.08,"15:28:28","F","53",274,0,"0.807","0"
"204",2022,6,1,"gw",5,2,30,"d",NA,NA,5.36,"yes",5,"",0,0,0,NA,NA,4,NA,"14:42:27","F","73",389,0,"0.812","0"
"205",2022,6,4,"gw",5,5,30,"d",NA,NA,6.49,"yes",5,"",0,0,0,12.38,8.5,4,8.06,"15:28:35","F","49",246,0,"0.801","0"
"206",2022,6,1,"gw",6,2,30,"d",NA,NA,6.57,"yes",6,"",0,0,0,NA,NA,4,NA,"14:42:35","F","74",391,0,"0.811","0"
"207",2022,6,4,"gw",6,5,30,"d",NA,NA,7.56,"yes",6,"",0,0,1,11.73,8.14,4,7.73,"15:28:40","F","20",211,0,"0.905","0"
"208",2022,6,1,"gw",10,2,20,"e",NA,NA,4.4,"yes",10,"",0,0,0,NA,NA,4,NA,"14:52:52","F","112",369,0,"0.696","0"
"209",2022,6,4,"gw",10,5,20,"e",NA,NA,5.78,"yes",10,"",0,0,1,11.61,8.39,4,8.11,"15:39:57","F","41",234,0,"0.825","0"
"210",2022,6,1,"gw",11,2,20,"e",NA,NA,5.11,"yes",11,"",0,0,0,NA,NA,4,NA,"14:52:59","F","84",336,0,"0.75","0"
"211",2022,6,4,"gw",11,5,20,"e",NA,NA,6.09,"yes",11,"",0,0,1,12.64,8.49,4,8.06,"15:40:03","F","47",233,0,"0.798","0"
"212",2022,6,1,"gw",12,2,20,"e",NA,NA,6.21,"yes",13,"",0,0,0,NA,NA,4,NA,"14:53:20","F","110",347,0,"0.683","0"
"213",2022,6,4,"gw",12,5,20,"e",NA,NA,7.36,"yes",12,"",0,0,1,12.38,8.15,4,7.72,"15:40:09","F","29",240,0,"0.879","0"
"214",2022,6,1,"gw",16,2,10,"f",NA,NA,2.69,"yes",17,"",0,0,0,NA,NA,4,NA,"15:04:25","F","97",320,0,"0.697","0"
"215",2022,6,4,"gw",16,5,10,"f",NA,NA,2.88,"yes",16,"",0,0,0,9.63,8.21,4,8.07,"15:51:39","F","47",224,0,"0.79","0"
"216",2022,6,1,"gw",17,2,10,"f",NA,NA,5.2,"yes",18,"",0,0,0,NA,NA,4,NA,"15:04:32","F","69",358,0,"0.807","0"
"217",2022,6,4,"gw",17,5,10,"f",NA,NA,5.33,"yes",17,"",0,0,1,10.76,8.27,4,8.05,"15:51:45","F","39",228,0,"0.829","0"
"218",2022,6,1,"gw",18,2,10,"f",NA,NA,6.63,"yes",19,"",0,0,0,NA,NA,4,NA,"15:04:39","F","84",327,0,"0.743","0"
"219",2022,6,4,"gw",18,5,10,"f",NA,NA,7.38,"yes",18,"",0,0,1,12.31,8.15,4,7.75,"15:51:51","F","23",200,0,"0.885","0"
"220",2022,6,14,"gw",1,1,30,"a",NA,NA,13.22,"yes",1,"",0,0,0,NA,NA,5,NA,"14:30:23","F","42",119,0,"0.647","0"
"221",2022,6,14,"gw",2,1,30,"a",NA,NA,3.16,"yes",2,"",0,0,0,NA,NA,5,NA,"14:30:30","F","48",89,0,"0.461","0"
"222",2022,6,14,"gw",3,1,30,"a",NA,NA,3.49,"yes",3,"",0,0,0,NA,NA,5,NA,"14:30:36","F","18",103,0,"0.825","0"
"223",2022,6,14,"gw",4,1,30,"d",NA,NA,3.39,"yes",4,"",0,0,0,NA,NA,5,NA,"14:30:43","F","28",122,0,"0.77","0"
"224",2022,6,14,"gw",5,1,30,"d",NA,NA,1.92,"yes",5,"",0,0,0,NA,NA,5,NA,"14:30:53","F","37",118,0,"0.686","0"
"225",2022,6,14,"gw",6,1,30,"d",NA,NA,5.74,"yes",6,"",0,0,0,NA,NA,5,NA,"14:30:59","F","30",136,0,"0.779","0"
"226",2022,6,14,"gw",7,1,20,"b",NA,NA,0.98,"yes",7,"",0,0,0,NA,NA,5,NA,"14:31:09","F","34",127,0,"0.732","0"
"227",2022,6,14,"gw",8,1,20,"b",NA,NA,0.59,"yes",8,"",0,0,0,NA,NA,5,NA,"14:31:16","F","40",104,0,"0.615","0"
"228",2022,6,14,"gw",9,1,20,"b",NA,NA,16.14,"yes",9,"",0,0,0,NA,NA,5,NA,"14:43:05","F","32",92,0,"0.652","0"
"229",2022,6,14,"gw",10,1,20,"e",NA,NA,3.12,"yes",10,"",0,0,0,NA,NA,5,NA,"14:43:11","F","40",86,0,"0.535","0"
"230",2022,6,14,"gw",11,1,20,"e",NA,NA,1.47,"yes",11,"",0,0,0,NA,NA,5,NA,"14:43:17","F","39",81,0,"0.519","0"
"231",2022,6,14,"gw",12,1,20,"e",NA,NA,2.14,"yes",12,"",0,0,0,NA,NA,5,NA,"14:43:25","F","49",73,0,"0.329","0"
"232",2022,6,14,"gw",16,1,10,"f",NA,NA,6.17,"yes",16,"",0,0,0,NA,NA,5,NA,"14:53:39","F","47",106,0,"0.557","0"
"233",2022,6,14,"gw",17,1,10,"f",NA,NA,8.42,"yes",17,"",0,0,0,NA,NA,5,NA,"14:53:45","F","30",118,0,"0.746","0"
"234",2022,6,14,"gw",18,1,10,"f",NA,NA,5.13,"yes",18,"",0,0,0,NA,NA,5,NA,"14:53:51","F","41",108,0,"0.62","0"
"235",2022,6,15,"gw",1,2,30,"a",NA,NA,12.49,"yes",1,"",0,0,0,NA,NA,5,NA,"15:55:28","F","91",328,0,"0.723","0"
"236",2022,6,18,"gw",1,5,30,"a",NA,NA,14.06,"yes",1,"",0,0,0,NA,NA,5,NA,"15:36:15","F","100",291,0,"0.656","0"
"237",2022,6,15,"gw",2,2,30,"a",NA,NA,2.8,"yes",2,"",0,0,0,NA,NA,5,NA,"15:55:36","F","126",427,0,"0.705","0"
"238",2022,6,18,"gw",2,5,30,"a",NA,NA,2.94,"yes",2,"",0,0,0,NA,NA,5,NA,"15:36:25","F","89",347,0,"0.744","0"
"239",2022,6,15,"gw",3,2,30,"a",NA,NA,3.23,"yes",3,"",0,1,0,NA,NA,5,NA,"15:55:43","F","106",412,0,"0.743","0"
"240",2022,6,18,"gw",3,5,30,"a",NA,NA,3.78,"yes",3,"",0,1,0,NA,NA,5,NA,"15:36:34","F","89",292,0,"0.695","0"
"241",2022,6,15,"gw",7,2,20,"b",NA,NA,1.1,"yes",7,"",0,0,0,NA,NA,5,NA,"16:09:39","F","78",380,0,"0.795","0"
"242",2022,6,15,"gw",8,2,20,"b",NA,NA,0.58,"yes",8,"",0,0,0,NA,NA,5,NA,"16:09:47","F","77",360,0,"0.786","0"
"243",2022,6,15,"gw",9,2,20,"b",NA,NA,17.42,"yes",9,"",0,0,0,NA,NA,5,NA,"16:09:54","F","88",325,0,"0.729","0"
"244",2022,6,15,"gw",10,2,20,"e",NA,NA,3.49,"yes",10,"",0,0,0,NA,NA,5,NA,"16:10:00","F","78",355,0,"0.78","0"
"245",2022,6,15,"gw",11,2,20,"e",NA,NA,1.2,"yes",11,"",0,0,0,NA,NA,5,NA,"16:10:06","F","49",360,0,"0.864","0"
"246",2022,6,15,"gw",12,2,20,"e",NA,NA,1.83,"yes",12,"",0,0,1,NA,NA,5,NA,"16:10:13","F","54",339,0,"0.841","0"
"247",2022,6,15,"gw",16,2,10,"f",NA,NA,6.03,"yes",16,"",0,0,0,NA,NA,5,NA,"16:21:14","F","72",313,0,"0.77","0"
"248",2022,6,15,"gw",17,2,10,"f",NA,NA,8.61,"yes",17,"",0,0,0,NA,NA,5,NA,"16:21:22","F","85",270,0,"0.685","0"
"249",2022,6,15,"gw",18,2,10,"f",NA,NA,5.04,"yes",18,"",1,0,0,NA,NA,5,NA,"16:21:28","F","86",325,0,"0.735","0"
"250",2022,6,15,"gw",4,2,30,"d",NA,NA,2.72,"yes",4,"",0,0,0,NA,NA,5,NA,"15:55:51","F","114",409,0,"0.721","0"
"251",2022,6,18,"gw",4,5,30,"d",NA,NA,3.64,"yes",4,"",0,0,0,NA,NA,5,NA,"15:36:46","F","89",448,0,"0.801","0"
"252",2022,6,15,"gw",5,2,30,"d",NA,NA,1.63,"yes",5,"",0,0,0,NA,NA,5,NA,"15:55:57","F","114",409,0,"0.721","0"
"253",2022,6,18,"gw",5,5,30,"d",NA,NA,1.87,"yes",5,"",1,0,0,NA,NA,5,NA,"15:36:54","F","96",367,0,"0.738","0"
"254",2022,6,15,"gw",6,2,30,"d",NA,NA,5.49,"yes",6,"",0,0,0,NA,NA,5,NA,"15:56:06","F","85",441,0,"0.807","0"
"255",2022,6,18,"gw",6,5,30,"d",NA,NA,6.82,"yes",6,"",0,0,0,NA,NA,5,NA,"15:37:01","F","73",333,0,"0.781","0"
"256",2022,6,18,"gw",7,5,20,"b",NA,NA,1.15,"yes",7,"",0,1,0,NA,NA,5,NA,"15:47:41","F","100",337,0,"0.703","0"
"257",2022,6,18,"gw",8,5,20,"b",NA,NA,0.71,"yes",8,"",0,1,0,NA,NA,5,NA,"15:47:54","F","101",338,0,"0.701","0"
"258",2022,6,18,"gw",9,5,20,"b",NA,NA,17.62,"yes",9,"",0,0,0,NA,NA,5,NA,"15:48:03","F","133",334,0,"0.602","0"
"259",2022,6,18,"gw",10,5,20,"e",NA,NA,4.01,"yes",10,"",0,0,0,NA,NA,5,NA,"15:48:17","F","92",235,0,"0.609","0"
"260",2022,6,18,"gw",11,5,20,"e",NA,NA,1.5,"yes",11,"",0,1,0,NA,NA,5,NA,"15:48:25","F","104",402,0,"0.741","0"
"261",2022,6,18,"gw",12,5,20,"e",NA,NA,2.05,"yes",12,"",0,0,1,NA,NA,5,NA,"15:48:39","F","69",344,0,"0.799","0"
"262",2022,6,18,"gw",13,5,10,"c",NA,NA,4.19,"yes",13,"demerestiamaybeinaquaria",1,1,0,NA,NA,5,NA,"15:58:05","F","61",233,0,"0.738","0"
"263",2022,6,18,"gw",14,5,10,"c",NA,NA,5.19,"yes",14,"demerestiamaybeinaquaria",1,1,0,NA,NA,5,NA,"15:58:13","F","94",338,0,"0.722","0"
"264",2022,6,18,"gw",15,5,10,"c",NA,NA,10.41,"yes",15,"demerestiamaybeinaquaria",1,1,0,NA,NA,5,NA,"15:58:21","F","103",265,0,"0.611","0"
"265",2022,6,18,"gw",16,5,10,"f",NA,NA,6.43,"yes",16,"",1,0,0,NA,NA,5,NA,"15:58:29","F","115",285,0,"0.596","0"
"266",2022,6,18,"gw",17,5,10,"f",NA,NA,8.85,"yes",17,"",0,0,0,NA,NA,5,NA,"15:58:37","F","92",270,0,"0.659","0"
"267",2022,6,18,"gw",18,5,10,"f",NA,NA,5.17,"yes",18,"",1,0,0,NA,NA,5,NA,"15:58:45","F","89",297,0,"0.7","0"
"268",2022,6,20,"gw",1,7,30,"a",NA,NA,16,"yes",1,"",0,0,0,NA,NA,5,NA,"16:06:52","F","81",261,0,"0.69","0"
"269",2022,6,20,"gw",2,7,30,"a",NA,NA,3.52,"yes",2,"",0,0,0,NA,NA,5,NA,"16:06:59","F","72",343,0,"0.79","0"
"270",2022,6,20,"gw",3,7,30,"a",NA,NA,4.78,"yes",3,"",0,0,0,NA,NA,5,NA,"16:07:05","F","71",310,0,"0.771","0"
"271",2022,6,20,"gw",4,7,30,"d",NA,NA,4.36,"yes",4,"",0,0,0,NA,NA,5,NA,"16:07:20","F","79",329,0,"0.76","0"
"272",2022,6,20,"gw",5,7,30,"d",NA,NA,2.24,"yes",5,"",0,0,0,NA,NA,5,NA,"16:07:27","F","71",335,0,"0.788","0"
"273",2022,6,20,"gw",6,7,30,"d",NA,NA,8.06,"yes",6,"",0,0,0,NA,NA,5,NA,"16:07:34","F","109",322,0,"0.661","0"
"274",2022,6,20,"gw",7,7,20,"b",NA,NA,1.17,"yes",7,"",0,1,0,NA,NA,5,NA,"16:18:44","F","86",341,0,"0.748","0"
"275",2022,6,20,"gw",8,7,20,"b",NA,NA,0.8,"yes",8,"",0,1,0,NA,NA,5,NA,"16:18:51","F","84",306,0,"0.725","0"
"276",2022,6,20,"gw",9,7,20,"b",NA,NA,17.73,"yes",9,"",0,0,0,NA,NA,5,NA,"16:18:58","F","66",314,0,"0.79","0"
"277",2022,6,20,"gw",10,7,20,"e",NA,NA,4.31,"yes",10,"",1,0,0,NA,NA,5,NA,"16:19:07","F","89",324,0,"0.725","0"
"278",2022,6,20,"gw",11,7,20,"e",NA,NA,1.54,"yes",11,"",1,1,0,NA,NA,5,NA,"16:19:14","F","85",371,0,"0.771","0"
"279",2022,6,20,"gw",12,7,20,"e",NA,NA,2.15,"yes",12,"",1,1,0,NA,NA,5,NA,"16:19:29","F","96",329,0,"0.708","0"
"280",2022,6,20,"gw",13,7,10,"c",NA,NA,4.11,"yes",13,"demerestiamaybeinaquaria",1,1,0,NA,NA,5,NA,"16:31:15","F","86",279,0,"0.692","0"
"281",2022,6,20,"gw",14,7,10,"c",NA,NA,5.26,"yes",14,"demerestiamaybeinaquaria",1,1,0,NA,NA,5,NA,"16:31:21","F","51",282,0,"0.819","0"
"282",2022,6,20,"gw",15,7,10,"c",NA,NA,10.75,"yes",15,"demerestiamaybeinaquaria",1,0,0,NA,NA,5,NA,"16:31:26","F","54",274,0,"0.803","0"
"283",2022,6,20,"gw",16,7,10,"f",NA,NA,6.62,"yes",16,"",1,0,0,NA,NA,5,NA,"16:31:38","F","121",283,0,"0.572","0"
"284",2022,6,20,"gw",17,7,10,"f",NA,NA,9.23,"yes",17,"",0,0,0,NA,NA,5,NA,"16:31:45","F","59",269,0,"0.781","0"
"285",2022,6,20,"gw",18,7,10,"f",NA,NA,5.24,"yes",18,"",1,0,0,NA,NA,5,NA,"16:31:50","F","83",312,0,"0.734","0"
"286",2022,6,22,"gw",1,9,30,"a",NA,NA,17.28,"yes",1,"",0,0,0,NA,NA,5,NA,"14:49:23","F","74",228,0,"0.675",""
"287",2022,6,22,"gw",2,9,30,"a",NA,NA,3.69,"yes",2,"",0,0,0,NA,NA,5,NA,"14:49:28","F","55",291,0,"0.811",""
"288",2022,6,22,"gw",3,9,30,"a",NA,NA,5.19,"yes",3,"",0,0,0,NA,NA,5,NA,"14:49:34","F","57",264,0,"0.784",""
"289",2022,6,22,"gw",4,9,30,"d",NA,NA,5.02,"yes",4,"",0,0,0,NA,NA,5,NA,"14:49:40","F","71",318,0,"0.777",""
"290",2022,6,22,"gw",5,9,30,"d",NA,NA,2.31,"yes",5,"",0,0,0,NA,NA,5,NA,"14:49:47","F","81",317,0,"0.744",""
"291",2022,6,22,"gw",6,9,30,"d",NA,NA,8.87,"yes",6,"",0,0,0,NA,NA,5,NA,"14:49:54","F","86",315,0,"0.727",""
"292",2022,6,22,"gw",7,9,20,"b",NA,NA,1.5,"yes",7,"",0,1,0,NA,NA,5,NA,"15:00:50","F","88",269,0,"0.673",""
"293",2022,6,22,"gw",8,9,20,"b",NA,NA,0.85,"yes",8,"",0,1,0,NA,NA,5,NA,"15:00:58","F","76",303,0,"0.749",""
"294",2022,6,22,"gw",9,9,20,"b",NA,NA,18.72,"yes",9,"",0,1,0,NA,NA,5,NA,"15:01:06","F","123",318,0,"0.613",""
"295",2022,6,22,"gw",10,9,20,"e",NA,NA,4.96,"yes",10,"",1,0,0,NA,NA,5,NA,"15:01:15","F","69",264,0,"0.739",""
"296",2022,6,22,"gw",11,9,20,"e",NA,NA,1.62,"yes",11,"",1,0,1,NA,NA,5,NA,"15:01:23","F","67",297,0,"0.774",""
"297",2022,6,22,"gw",12,9,20,"e",NA,NA,2.33,"yes",12,"",1,0,0,NA,NA,5,NA,"15:01:30","F","83",285,0,"0.709",""
"298",2022,6,22,"gw",13,9,10,"c",NA,NA,4.41,"yes",13,"demerestiamaybeinaquaria",1,1,0,NA,NA,5,NA,"15:11:30","F","57",202,0,"0.718",""
"299",2022,6,22,"gw",14,9,10,"c",NA,NA,5.44,"yes",14,"demerestiamaybeinaquaria",1,1,0,NA,NA,5,NA,"15:11:37","F","56",253,0,"0.779",""
"300",2022,6,22,"gw",15,9,10,"c",NA,NA,10.64,"yes",15,"demerestiamaybeinaquaria",1,0,0,NA,NA,5,NA,"15:11:43","F","74",267,0,"0.723",""
"301",2022,6,22,"gw",16,9,10,"f",NA,NA,6.73,"yes",17,"",0,0,0,NA,NA,5,NA,"15:11:52","F","105",291,0,"0.639",""
"302",2022,6,22,"gw",17,9,10,"f",NA,NA,9.39,"yes",18,"",0,0,0,NA,NA,5,NA,"15:12:00","F","93",274,0,"0.661",""
"303",2022,6,22,"gw",18,9,10,"f",NA,NA,5.5,"yes",19,"",1,0,0,NA,NA,5,NA,"15:12:06","F","61",260,0,"0.765",""
"304",2022,6,26,"gw",1,15,30,"a",NA,NA,18.73,"yes",1,"",0,0,0,22.84,9.84,5,8.07,"15:21:09","F","67",271,0,"0.753",""
"305",2022,6,26,"gw",2,15,30,"a",NA,NA,3.94,"yes",2,"",0,0,0,10.13,8.31,5,8.07,"15:21:18","F","77",271,0,"0.716",""
"306",2022,6,26,"gw",3,15,30,"a",NA,NA,5.74,"yes",3,"",0,0,0,12.82,8.38,5,7.76,"15:21:27","F","102",299,0,"0.659",""
"307",2022,6,26,"gw",4,15,30,"d",NA,NA,6.28,"yes",4,"",0,0,0,13.5,8.7,5,8.08,"15:21:36","F","87",298,0,"0.708",""
"308",2022,6,26,"gw",5,15,30,"d",NA,NA,2.98,"yes",5,"",0,0,0,10.04,8.31,5,8.06,"15:21:43","F","98",322,0,"0.696",""
"309",2022,6,26,"gw",6,15,30,"d",NA,NA,10.23,"yes",6,"",0,0,0,16.59,8.84,5,7.73,"15:21:52","F","117",361,0,"0.676",""
"310",2022,6,26,"gw",7,15,20,"b",NA,NA,1.71,"yes",7,"",0,1,0,9.21,8.18,5,8.06,"15:38:26","F","95",325,0,"0.708",""
"311",2022,6,26,"gw",8,15,20,"b",NA,NA,0.88,"yes",8,"",0,1,0,8.57,8.13,5,8.06,"15:38:35","F","95",308,0,"0.692",""
"312",2022,6,26,"gw",9,15,20,"b",NA,NA,19.41,"yes",9,"",0,0,1,18.04,8.83,5,7.73,"15:38:42","F","44",289,0,"0.848",""
"313",2022,6,26,"gw",10,15,20,"e",NA,NA,5.35,"yes",10,"",0,0,1,12.63,8.64,5,8.11,"15:38:49","F","69",284,0,"0.757",""
"314",2022,6,26,"gw",11,15,20,"e",NA,NA,1.93,"yes",11,"",0,1,1,9.39,8.23,5,8.06,"15:38:56","F","94",360,0,"0.739",""
"315",2022,6,26,"gw",12,15,20,"e",NA,NA,2.49,"yes",12,"",1,0,1,9.56,7.96,5,7.72,"15:39:04","F","59",256,0,"0.77",""
"316",2022,6,26,"gw",13,15,10,"c",NA,NA,4.64,"yes",13,"demerestiamaybeinaquaria",1,0,1,11.96,8.57,5,8.05,"15:53:15","F","57",267,0,"0.787",""
"317",2022,6,26,"gw",14,15,10,"c",NA,NA,5.47,"yes",14,"demerestiamaybeinaquaria",1,0,1,12.75,8.85,5,8.05,"15:53:21","F","79",321,0,"0.754",""
"318",2022,6,26,"gw",15,15,10,"c",NA,NA,11.04,"yes",15,"demerestiamaybeinaquaria",1,0,0,14.41,8.27,5,7.74,"15:53:27","F","87",295,0,"0.705",""
"319",2022,6,26,"gw",16,15,10,"f",NA,NA,7.21,"yes",16,"",0,0,0,13.03,8.57,5,8.07,"15:53:36","F","126",313,0,"0.597",""
"320",2022,6,26,"gw",17,15,10,"f",NA,NA,10.18,"yes",17,"",0,0,0,12.97,8.51,5,8.05,"15:53:43","F","90",301,0,"0.701",""
"321",2022,6,26,"gw",18,15,10,"f",NA,NA,6.2,"yes",18,"",1,0,0,12.43,8.21,5,7.75,"15:53:52","F","57",256,0,"0.777",""
"322",2022,6,28,"gw",1,1,30,"a",NA,NA,4.94,"yes",1,"",0,0,1,NA,NA,6,NA,"15:38:43","F","72",343,0,"0.79",""
"323",2022,6,28,"gw",2,1,30,"a",NA,NA,5.93,"yes",2,"",0,0,1,NA,NA,6,NA,"15:38:52","F","41",279,0,"0.853",""
"324",2022,6,28,"gw",3,1,30,"a",NA,NA,3.62,"yes",3,"",0,1,0,NA,NA,6,NA,"15:39:00","F","41",281,0,"0.854",""
"325",2022,6,28,"gw",4,1,30,"d",NA,NA,1.69,"yes",4,"",0,0,0,NA,NA,6,NA,"15:39:12","F","82",257,0,"0.681",""
"326",2022,6,28,"gw",5,1,30,"d",NA,NA,9.5,"yes",5,"",0,0,0,NA,NA,6,NA,"15:39:21","F","67",273,0,"0.755",""
"327",2022,6,28,"gw",6,1,30,"d",NA,NA,6.07,"yes",6,"",0,0,0,NA,NA,6,NA,"15:39:29","F","51",276,0,"0.815",""
"328",2022,6,28,"gw",7,1,20,"b",NA,NA,3.33,"yes",7,"",0,0,0,NA,NA,6,NA,"15:50:58","F","67",296,0,"0.774",""
"329",2022,6,28,"gw",8,1,20,"b",NA,NA,6.7,"yes",8,"",0,0,0,NA,NA,6,NA,"15:51:07","F","100",325,0,"0.692",""
"330",2022,6,28,"gw",9,1,20,"b",NA,NA,3.12,"yes",9,"",0,0,0,NA,NA,6,NA,"15:51:15","F","75",285,0,"0.737",""
"331",2022,6,28,"gw",10,1,20,"e",NA,NA,3.29,"yes",10,"",0,0,0,NA,NA,6,NA,"15:51:25","F","90",283,0,"0.682",""
"332",2022,6,28,"gw",11,1,20,"e",NA,NA,2.85,"yes",11,"",0,0,0,NA,NA,6,NA,"15:51:35","F","68",316,0,"0.785",""
"333",2022,6,28,"gw",12,1,20,"e",NA,NA,5.64,"yes",13,"",0,0,1,NA,NA,6,NA,"16:01:46","F","76",337,0,"0.774",""
"334",2022,6,28,"gw",13,1,10,"c",NA,NA,1.01,"yes",12,"",0,0,0,NA,NA,6,NA,"15:51:45","F","88",303,0,"0.71",""
"335",2022,6,28,"gw",14,1,10,"c",NA,NA,1.66,"yes",14,"",0,0,1,NA,NA,6,NA,"16:01:54","F","101",334,0,"0.698",""
"336",2022,6,28,"gw",15,1,10,"c",NA,NA,6.36,"yes",15,"",0,0,0,NA,NA,6,NA,"16:02:00","F","66",322,0,"0.795",""
"337",2022,6,28,"gw",16,1,10,"f",NA,NA,5.96,"yes",16,"",0,0,0,NA,NA,6,NA,"16:02:08","F","67",262,0,"0.744",""
"338",2022,6,28,"gw",17,1,10,"f",NA,NA,9.29,"yes",17,"",0,0,0,NA,NA,6,NA,"16:02:14","F","65",291,0,"0.777",""
"339",2022,6,28,"gw",18,1,10,"f",NA,NA,4.57,"yes",18,"",0,0,0,NA,NA,6,NA,"16:02:21","F","83",339,0,"0.755",""
"340",2022,6,29,"gw",1,2,30,"a",NA,NA,5.09,"yes",1,"",0,0,1,NA,NA,6,NA,"15:28:53","F","57",206,0,"0.723",""
"341",2022,7,2,"gw",1,5,30,"a",NA,NA,6.3,"yes",1,"",0,1,0,11.81,8.42,6,8.03,"15:35:36","F","55",361,0,"0.848",""
"342",2022,6,29,"gw",2,2,30,"a",NA,NA,6.12,"yes",2,"",0,0,0,NA,NA,6,NA,"15:29:01","F","63",204,0,"0.691",""
"343",2022,7,2,"gw",2,5,30,"a",NA,NA,7.16,"yes",2,"",0,1,0,11.72,8.1,6,7.72,"15:35:43","F","56",315,0,"0.822",""
"344",2022,6,29,"gw",3,2,30,"a",NA,NA,3.37,"yes",3,"",0,1,1,NA,NA,6,NA,"15:29:09","F","53",183,0,"0.71",""
"345",2022,7,2,"gw",3,5,30,"a",NA,NA,4.37,"yes",3,"",0,1,0,10.85,8.34,6,8.04,"15:35:50","F","81",346,0,"0.766",""
"346",2022,6,29,"gw",7,2,20,"b",NA,NA,3.51,"yes",7,"",0,0,0,NA,NA,6,NA,"15:39:13","F","54",194,0,"0.722",""
"347",2022,7,2,"gw",7,5,20,"b",NA,NA,3.76,"yes",7,"",0,1,0,10.1,8.25,6,8.06,"15:49:30","F","22",323,0,"0.932",""
"348",2022,6,29,"gw",8,2,20,"b",NA,NA,6.78,"yes",8,"",0,0,0,NA,NA,6,NA,"15:39:21","F","52",194,0,"0.732",""
"349",2022,7,2,"gw",8,5,20,"b",NA,NA,8.29,"yes",8,"",0,1,0,14.17,8.64,6,8.06,"15:49:37","F","51",298,0,"0.829",""
"350",2022,6,29,"gw",9,2,20,"b",NA,NA,3.11,"yes",9,"",0,1,0,NA,NA,6,NA,"15:39:32","F","38",185,0,"0.795",""
"351",2022,7,2,"gw",9,5,20,"b",NA,NA,3.76,"yes",9,"",0,1,0,9.9,7.93,6,7.75,"15:49:44","F","72",332,0,"0.783",""
"352",2022,6,29,"gw",13,2,10,"c",NA,NA,1.04,"yes",13,"",0,0,1,NA,NA,6,NA,"15:50:21","F","54",167,0,"0.677",""
"353",2022,6,29,"gw",14,2,10,"c",NA,NA,1.77,"yes",14,"",0,0,0,NA,NA,6,NA,"15:50:31","F","57",193,0,"0.705",""
"354",2022,6,29,"gw",15,2,10,"c",NA,NA,6.57,"yes",15,"",0,0,0,NA,NA,6,NA,"15:50:38","F","50",207,0,"0.758",""
"355",2022,6,29,"gw",16,2,10,"f",NA,NA,5.51,"yes",16,"",0,0,0,NA,NA,6,NA,"15:50:47","F","69",172,0,"0.599",""
"356",2022,6,29,"gw",17,2,10,"f",NA,NA,9.33,"yes",17,"",0,0,0,NA,NA,6,NA,"15:50:55","F","50",167,0,"0.701",""
"357",2022,6,29,"gw",18,2,10,"f",NA,NA,4.55,"yes",18,"",0,0,0,NA,NA,6,NA,"15:51:05","F","62",175,0,"0.646",""
"358",2022,6,29,"gw",4,2,30,"d",NA,NA,1.87,"yes",4,"",0,0,0,NA,NA,6,NA,"15:29:19","F","58",228,0,"0.746",""
"359",2022,7,2,"gw",4,5,30,"d",NA,NA,2.13,"yes",4,"",0,1,0,9.34,8.23,6,8.07,"15:35:59","F","74",389,0,"0.81",""
"360",2022,6,29,"gw",5,2,30,"d",NA,NA,9.66,"yes",5,"",0,0,0,NA,NA,6,NA,"15:29:26","F","54",228,0,"0.763",""
"361",2022,7,2,"gw",5,5,30,"d",NA,NA,11.12,"yes",5,"",0,0,0,12.75,8.51,6,8.09,"15:36:06","F","72",352,0,"0.795",""
"362",2022,6,29,"gw",6,2,30,"d",NA,NA,5.88,"yes",6,"",0,0,0,NA,NA,6,NA,"15:29:33","F","60",257,0,"0.767",""
"363",2022,7,2,"gw",6,5,30,"d",NA,NA,7.78,"yes",6,"",0,0,0,12.64,8.21,6,7.72,"15:36:12","F","64",356,0,"0.82",""
"364",2022,6,29,"gw",10,2,20,"e",NA,NA,3.25,"yes",10,"",0,0,0,NA,NA,6,NA,"15:39:42","F","54",180,0,"0.7",""
"365",2022,7,2,"gw",10,5,20,"e",NA,NA,4.16,"yes",10,"",0,1,0,10.37,8.25,6,8.06,"15:49:51","F","110",343,0,"0.679",""
"366",2022,6,29,"gw",11,2,20,"e",NA,NA,3.24,"yes",11,"",0,0,0,NA,NA,6,NA,"15:39:51","F","49",180,0,"0.728",""
"367",2022,7,2,"gw",11,5,20,"e",NA,NA,3.57,"yes",11,"",0,0,0,10.41,8.24,6,8.05,"15:49:58","F","78",357,0,"0.782",""
"368",2022,6,29,"gw",12,2,20,"e",NA,NA,6.11,"yes",12,"",0,0,1,NA,NA,6,NA,"15:39:59","F","69",183,0,"0.623",""
"369",2022,7,2,"gw",12,5,20,"e",NA,NA,7.17,"yes",12,"",0,0,1,12.83,8.17,6,7.73,"15:50:04","F","92",390,0,"0.764",""
"370",2022,7,2,"gw",13,5,10,"c",NA,NA,1.35,"yes",13,"",0,1,0,8.42,8.09,6,8.08,"16:03:11","F","116",361,0,"0.679",""
"371",2022,7,2,"gw",14,5,10,"c",NA,NA,1.96,"yes",14,"",0,1,0,9.17,8.14,6,8.06,"16:03:20","F","96",367,0,"0.738",""
"372",2022,7,2,"gw",15,5,10,"c",NA,NA,7.33,"yes",15,"",0,1,0,12.88,8.16,6,7.72,"16:03:27","F","83",336,0,"0.753",""
"373",2022,7,2,"gw",16,5,10,"f",NA,NA,6.12,"yes",16,"",0,1,0,10.82,8.31,6,8.06,"16:03:39","F","122",367,0,"0.668",""
"374",2022,7,2,"gw",17,5,10,"f",NA,NA,10.13,"yes",17,"",0,0,0,14.74,8.66,6,8.03,"16:03:47","F","86",337,0,"0.745",""
"375",2022,7,2,"gw",18,5,10,"f",NA,NA,5.06,"yes",18,"",0,0,0,10.71,7.97,6,7.72,"16:03:53","F","81",325,0,"0.751",""
"376",2022,7,12,"gw",1,1,30,"a",NA,NA,3.43,"yes",1,"",0,0,1,NA,NA,7,NA,"13:41:13","F","55",278,0,"0.802",""
"377",2022,7,13,"gw",1,2,30,"a",NA,NA,3.44,"yes",1,"",0,0,0,NA,NA,7,NA,"13:29:04","F","59",382,0,"0.846",""
"378",2022,7,16,"gw",1,5,30,"a",NA,NA,3.79,"yes",1,"",0,0,0,10.69,8.29,7,8.02,"12:33:34","F","62",310,0,"0.8",""
"379",2022,7,12,"gw",2,1,30,"a",NA,NA,5.28,"yes",2,"",0,0,0,NA,NA,7,NA,"13:41:20","F","51",236,0,"0.784",""
"380",2022,7,13,"gw",2,2,30,"a",NA,NA,5.03,"yes",2,"",0,0,0,NA,NA,7,NA,"13:29:11","F","58",352,0,"0.835",""
"381",2022,7,16,"gw",2,5,30,"a",NA,NA,5.84,"yes",3,"",0,0,0,11.51,8.05,7,7.7,"12:33:45","F","46",349,0,"0.868",""
"382",2022,7,12,"gw",7,1,20,"b",NA,NA,2.86,"yes",7,"",0,1,0,NA,NA,7,NA,"13:41:57","F","59",177,0,"0.667",""
"383",2022,7,13,"gw",7,2,20,"b",NA,NA,2.9,"yes",7,"",0,1,0,NA,NA,7,NA,"13:38:57","F","53",335,0,"0.842",""
"384",2022,7,16,"gw",7,5,20,"b",NA,NA,2.98,"yes",8,"",0,1,0,9.94,8.21,7,8.02,"12:46:09","F","34",240,0,"0.858",""
"385",2022,7,12,"gw",8,1,20,"b",NA,NA,12.62,"yes",8,"",0,0,0,NA,NA,7,NA,"13:42:03","F","44",271,0,"0.838",""
"386",2022,7,13,"gw",8,2,20,"b",NA,NA,13.22,"yes",8,"",0,1,0,NA,NA,7,NA,"13:39:03","F","70",310,0,"0.774",""
"387",2022,7,16,"gw",8,5,20,"b",NA,NA,14.14,"yes",10,"",0,1,0,17.12,8.82,7,8.02,"12:46:26","F","93",294,0,"0.684",""
"388",2022,7,12,"gw",13,1,10,"c",NA,NA,5.63,"yes",13,"",0,0,0,NA,NA,7,NA,"13:55:27","F","58",286,0,"0.797",""
"389",2022,7,13,"gw",13,2,10,"c",NA,NA,5.82,"yes",13,"",0,0,0,NA,NA,7,NA,"13:48:59","F","15",349,0,"0.957",""
"390",2022,7,16,"gw",13,5,10,"c",NA,NA,6.16,"yes",16,"",0,0,0,11.82,8.35,7,8.03,"12:57:10","F","48",309,0,"0.845",""
"391",2022,7,12,"gw",14,1,10,"c",NA,NA,10.63,"yes",14,"",0,1,0,NA,NA,7,NA,"13:55:33","F","36",284,0,"0.873",""
"392",2022,7,13,"gw",14,2,10,"c",NA,NA,11.85,"yes",14,"",1,1,0,NA,NA,7,NA,"13:49:05","F","74",286,0,"0.741",""
"393",2022,7,16,"gw",14,5,10,"c",NA,NA,11.78,"yes",17,"",1,1,0,18.29,8.85,7,8.02,"12:57:18","F","98",285,0,"0.656",""
"394",2022,7,12,"gw",3,1,30,"a",NA,NA,3.59,"yes",3,"",0,0,0,NA,NA,7,NA,"13:41:26","F","57",229,0,"0.751",""
"395",2022,7,13,"gw",3,2,30,"a",NA,NA,3.43,"yes",3,"",0,0,0,NA,NA,7,NA,"13:29:17","F","38",408,0,"0.907",""
"396",2022,7,16,"gw",3,5,30,"a",NA,NA,4.29,"yes",4,"",0,0,0,10.74,8.3,7,8.01,"12:33:51","F","24",330,0,"0.927",""
"397",2022,7,12,"gw",4,1,30,"d",NA,NA,2.43,"yes",4,"",0,0,0,NA,NA,7,NA,"13:41:32","F","93",227,0,"0.59",""
"398",2022,7,13,"gw",4,2,30,"d",NA,NA,2.93,"yes",4,"",0,0,0,NA,NA,7,NA,"13:29:25","F","68",434,0,"0.843",""
"399",2022,7,16,"gw",4,5,30,"d",NA,NA,2.83,"yes",5,"",0,0,0,9.75,8.22,7,8.04,"12:34:00","F","65",333,0,"0.805",""
"400",2022,7,12,"gw",9,1,20,"b",NA,NA,6.33,"yes",9,"",0,0,0,NA,NA,7,NA,"13:55:03","F","57",285,0,"0.8",""
"401",2022,7,13,"gw",9,2,20,"b",NA,NA,6.66,"yes",9,"",0,0,0,NA,NA,7,NA,"13:39:09","F","61",334,0,"0.817",""
"402",2022,7,16,"gw",9,5,20,"b",NA,NA,7.19,"yes",11,"",0,0,0,11.85,8.06,7,7.69,"12:46:33","F","78",312,0,"0.75",""
"403",2022,7,12,"gw",10,1,20,"e",NA,NA,5.04,"yes",10,"",0,1,0,NA,NA,7,NA,"13:55:09","F","31",304,0,"0.898",""
"404",2022,7,13,"gw",10,2,20,"e",NA,NA,5.13,"yes",10,"",0,1,0,NA,NA,7,NA,"13:39:15","F","65",422,0,"0.846",""
"405",2022,7,16,"gw",10,5,20,"e",NA,NA,6.61,"yes",12,"",0,1,0,12.51,8.41,7,8.02,"12:46:41","F","114",362,0,"0.685",""
"406",2022,7,12,"gw",15,1,10,"c",NA,NA,8.74,"yes",16,"",0,0,1,NA,NA,7,NA,"14:09:36","F","48",310,0,"0.845",""
"407",2022,7,13,"gw",15,2,10,"c",NA,NA,9.09,"yes",15,"",1,0,0,NA,NA,7,NA,"13:49:11","F","50",331,0,"0.849",""
"408",2022,7,16,"gw",15,5,10,"c",NA,NA,9.4,"yes",18,"",1,0,0,14.03,8.19,7,7.68,"12:57:24","F","53",285,0,"0.814",""
"409",2022,7,12,"gw",16,1,10,"f",NA,NA,8.21,"yes",18,"",0,0,1,NA,NA,7,NA,"14:09:48","F","37",316,0,"0.883",""
"410",2022,7,13,"gw",16,2,10,"f",NA,NA,9.09,"yes",16,"",1,0,0,NA,NA,7,NA,"13:49:17","F","66",322,0,"0.795",""
"411",2022,7,16,"gw",16,5,10,"f",NA,NA,9.33,"yes",19,"",1,0,0,15.15,8.51,7,8.03,"12:57:31","F","48",244,0,"0.803",""
"412",2022,7,12,"gw",5,1,30,"d",NA,NA,3.63,"yes",5,"",0,0,0,NA,NA,7,NA,"13:41:39","F","93",231,0,"0.597",""
"413",2022,7,13,"gw",5,2,30,"d",NA,NA,3.53,"yes",5,"",0,0,0,NA,NA,7,NA,"13:29:33","F","128",426,0,"0.7",""
"414",2022,7,16,"gw",5,5,30,"d",NA,NA,4.45,"yes",6,"",0,0,0,10.84,8.31,7,8.02,"12:34:07","F","31",357,0,"0.913",""
"415",2022,7,12,"gw",6,1,30,"d",NA,NA,3.46,"yes",6,"",0,1,0,NA,NA,7,NA,"13:41:49","F","79",308,0,"0.744",""
"416",2022,7,13,"gw",6,2,30,"d",NA,NA,3.52,"yes",6,"",0,1,1,NA,NA,7,NA,"13:29:43","F","68",385,0,"0.823",""
"417",2022,7,16,"gw",6,5,30,"d",NA,NA,3.64,"yes",7,"",0,1,1,9.8,7.94,7,7.69,"12:34:15","F","69",297,0,"0.768",""
"418",2022,7,12,"gw",11,1,20,"e",NA,NA,7.43,"yes",11,"",0,0,0,NA,NA,7,NA,"13:55:14","F","53",311,0,"0.83",""
"419",2022,7,13,"gw",11,2,20,"e",NA,NA,7.76,"yes",11,"",0,0,0,NA,NA,7,NA,"13:39:22","F","56",314,0,"0.822",""
"420",2022,7,16,"gw",11,5,20,"e",NA,NA,9.34,"yes",14,"",0,0,0,15.13,8.62,7,8.02,"12:47:02","F","76",315,0,"0.759",""
"421",2022,7,12,"gw",12,1,20,"e",NA,NA,4.07,"yes",12,"",0,1,0,NA,NA,7,NA,"13:55:20","F","28",241,0,"0.884",""
"422",2022,7,13,"gw",12,2,20,"e",NA,NA,4.18,"yes",12,"",0,1,1,NA,NA,7,NA,"13:39:32","F","80",241,0,"0.668",""
"423",2022,7,16,"gw",12,5,20,"e",NA,NA,4.32,"yes",15,"",0,1,0,10.52,7.95,7,7.69,"12:47:11","F","65",245,0,"0.735",""
"424",2022,7,12,"gw",17,1,10,"f",NA,NA,10.88,"yes",17,"",0,1,1,NA,NA,7,NA,"14:09:42","F","21",300,0,"0.93",""
"425",2022,7,13,"gw",17,2,10,"f",NA,NA,11.21,"yes",17,"",0,1,0,NA,NA,7,NA,"13:49:24","F","43",325,0,"0.868",""
"426",2022,7,16,"gw",17,5,10,"f",NA,NA,11.38,"yes",20,"",1,1,0,16.78,8.75,7,8.03,"12:57:37","F","70",304,0,"0.77",""
"427",2022,7,12,"gw",18,1,10,"f",NA,NA,5.25,"yes",19,"",0,0,1,NA,NA,7,NA,"14:09:55","F","51",313,0,"0.837",""
"428",2022,7,13,"gw",18,2,10,"f",NA,NA,5.34,"yes",18,"",0,1,0,NA,NA,7,NA,"13:49:30","F","44",282,0,"0.844",""
"429",2022,7,16,"gw",18,5,10,"f",NA,NA,6.15,"yes",21,"",0,1,0,11.66,8.02,7,7.69,"12:57:44","F","98",372,0,"0.737",""
"430",2022,7,27,"GW",1,1,30,"A",0,NA,7.54,"yes",1,"",0,0,0,NA,NA,8,NA,"15:01:58","F","117",306,0,"0.618",""
"431",2022,7,27,"GW",2,1,30,"A",0,NA,5.18,"yes",2,"",0,0,0,NA,NA,8,NA,"15:02:04","F","61",307,0,"0.801",""
"432",2022,7,27,"GW",3,1,30,"A",0,NA,6.18,"yes",3,"",0,0,0,NA,NA,8,NA,"15:02:11","F","81",269,0,"0.699",""
"433",2022,7,27,"GW",4,1,30,"D",0,NA,6.75,"yes",4,"",0,0,0,NA,NA,8,NA,"15:02:18","F","35",317,0,"0.89",""
"434",2022,7,27,"GW",5,1,30,"D",0,NA,10.68,"yes",5,"",0,0,0,NA,NA,8,NA,"15:02:27","F","72",264,0,"0.727",""
"435",2022,7,27,"GW",6,1,30,"D",0,NA,6.01,"yes",6,"",0,0,0,NA,NA,8,NA,"15:02:34","F","81",271,0,"0.701",""
"436",2022,7,27,"GW",7,1,20,"B",0,NA,6.23,"yes",7,"",0,0,0,NA,NA,8,NA,"15:02:40","F","69",99,0,"0.303",""
"437",2022,7,27,"GW",8,1,20,"B",0,NA,5.52,"yes",8,"",0,0,0,NA,NA,8,NA,"15:02:47","F","69",86,0,"0.198",""
"438",2022,7,27,"GW",9,1,20,"B",0,NA,7.05,"yes",9,"",0,0,0,NA,NA,8,NA,"15:14:08","F","48",313,0,"0.847",""
"439",2022,7,27,"GW",10,1,20,"D",0,NA,2.19,"yes",10,"",0,0,0,NA,NA,8,NA,"15:14:14","F","73",340,0,"0.785",""
"440",2022,7,27,"GW",11,1,20,"D",0,NA,3.22,"yes",11,"",0,0,0,NA,NA,8,NA,"15:14:20","F","64",340,0,"0.812",""
"441",2022,7,27,"GW",12,1,20,"D",0,NA,12.1,"yes",12,"",0,0,0,NA,NA,8,NA,"15:14:27","F","58",284,0,"0.796",""
"442",2022,7,27,"GW",13,1,10,"E",0,NA,5.68,"yes",13,"",0,0,0,NA,NA,8,NA,"15:14:35","F","49",299,0,"0.836",""
"443",2022,7,27,"GW",14,1,10,"E",0,NA,9.99,"yes",14,"",0,0,0,NA,NA,8,NA,"15:14:42","F","49",258,0,"0.81",""
"444",2022,7,27,"GW",15,1,10,"E",0,NA,8.38,"yes",15,"",0,0,0,NA,NA,8,NA,"15:23:42","F","80",341,0,"0.765",""
"445",2022,7,27,"GW",16,1,10,"F",0,NA,3.69,"yes",16,"",0,0,0,NA,NA,8,NA,"15:23:50","F","65",284,0,"0.771",""
"446",2022,7,27,"GW",17,1,10,"F",0,NA,3.68,"yes",17,"",0,0,0,NA,NA,8,NA,"15:23:58","F","86",342,0,"0.749",""
"447",2022,7,27,"GW",18,1,10,"F",0,NA,5.32,"yes",18,"",0,0,0,NA,NA,8,NA,"15:24:03","F","70",294,0,"0.762",""
"448",2022,7,28,"GW",1,2,30,"A",24,NA,8.04,"yes",1,"",0,0,0,NA,NA,8,NA,"14:58:36","F","29",362,0,"0.92",""
"449",2022,7,28,"GW",2,2,30,"A",24,NA,5.57,"yes",2,"",0,0,0,NA,NA,8,NA,"14:58:46","F","127",377,0,"0.663",""
"450",2022,7,28,"GW",3,2,30,"A",24,NA,6.15,"yes",3,"",0,0,0,NA,NA,8,NA,"14:58:54","F","70",129,0,"0.457",""
"451",2022,7,28,"GW",4,2,30,"D",24,NA,6.87,"yes",4,"",0,0,0,NA,NA,8,NA,"14:59:03","F","87",413,0,"0.789",""
"452",2022,7,28,"GW",5,2,30,"D",24,NA,10.64,"yes",5,"",0,0,0,NA,NA,8,NA,"14:59:11","F","48",383,0,"0.875",""
"453",2022,7,28,"GW",6,2,30,"D",24,NA,5.81,"yes",6,"",0,0,0,NA,NA,8,NA,"14:59:20","F","67",226,0,"0.704",""
"454",2022,7,28,"GW",7,2,20,"B",24,NA,6.52,"yes",7,"",0,0,0,NA,NA,8,NA,"15:09:02","F","60",78,0,"0.231",""
"455",2022,7,28,"GW",8,2,20,"B",24,NA,5.74,"yes",8,"",0,0,0,NA,NA,8,NA,"15:09:08","F","52",308,0,"0.831",""
"456",2022,7,28,"GW",9,2,20,"B",24,NA,6.95,"yes",9,"",0,0,0,NA,NA,8,NA,"15:09:13","F","77",319,0,"0.759",""
"457",2022,7,28,"GW",10,2,20,"D",24,NA,2.49,"yes",10,"",0,0,0,NA,NA,8,NA,"15:09:21","F","65",342,0,"0.81",""
"458",2022,7,28,"GW",11,2,20,"D",24,NA,3.21,"yes",11,"",0,0,0,NA,NA,8,NA,"15:09:27","F","70",348,0,"0.799",""
"459",2022,7,28,"GW",12,2,20,"D",24,NA,12.32,"yes",12,"",0,0,0,NA,NA,8,NA,"15:09:33","F","78",346,0,"0.775",""
"460",2022,7,28,"GW",13,2,10,"E",24,NA,6.33,"yes",13,"",0,0,0,NA,NA,8,NA,"15:18:28","F","103",288,0,"0.642",""
"461",2022,7,28,"GW",14,2,10,"E",24,NA,10.94,"yes",14,"",0,0,0,NA,NA,8,NA,"15:18:35","F","60",314,0,"0.809",""
"462",2022,7,28,"GW",15,2,10,"E",24,NA,9.04,"yes",15,"",0,0,0,NA,NA,8,NA,"15:18:41","F","70",320,0,"0.781",""
"463",2022,7,28,"GW",16,2,10,"F",24,NA,4.03,"yes",16,"",0,0,0,NA,NA,8,NA,"15:18:51","F","81",294,0,"0.724",""
"464",2022,7,28,"GW",17,2,10,"F",24,NA,3.48,"yes",17,"",0,0,0,NA,NA,8,NA,"15:18:59","F","85",308,0,"0.724",""
"465",2022,7,28,"GW",18,2,10,"F",24,NA,5.67,"yes",18,"",0,0,0,NA,NA,8,NA,"15:19:05","F","77",311,0,"0.752",""
"466",2022,7,31,"GW",1,5,30,"A",24,NA,9.27,"yes",1,"",0,0,0,14.31,8.75,8,8.03,"14:33:41","F","33",368,0,"0.91",""
"467",2022,7,31,"GW",2,5,30,"A",24,NA,7.14,"yes",2,"",0,0,0,12.77,8.26,8,7.69,"14:33:49","F","106",375,0,"0.717",""
"468",2022,7,31,"GW",3,5,30,"A",24,NA,6.95,"yes",3,"",0,0,0,13.67,8.7,8,8.03,"14:33:56","F","31",102,0,"0.696",""
"469",2022,7,31,"GW",4,5,30,"D",24,NA,8.15,"yes",4,"",0,0,0,13.3,8.6,8,8.03,"14:34:05","F","103",337,0,"0.694",""
"470",2022,7,31,"GW",5,5,30,"D",24,NA,13.68,"yes",5,"",0,0,0,19.65,9.37,8,8.04,"14:34:14","F","93",348,0,"0.733",""
"471",2022,7,31,"GW",6,5,30,"D",24,NA,6.85,"yes",6,"",0,0,0,13.36,8.51,8,7.69,"14:34:23","F","57",129,0,"0.558",""
"472",2022,7,31,"GW",7,5,20,"B",24,NA,7.47,"yes",7,"",0,0,0,14.51,8.8,8,8.03,"14:49:12","F","108",333,0,"0.676",""
"473",2022,7,31,"GW",8,5,20,"B",24,NA,7.13,"yes",8,"",0,0,0,14.18,8.64,8,8.01,"14:49:21","F","130",341,0,"0.619",""
"474",2022,7,31,"GW",9,5,20,"B",24,NA,8.55,"yes",9,"",0,0,0,13.79,8.34,8,7.7,"14:49:28","F","57",330,0,"0.827",""
"475",2022,7,31,"GW",10,5,20,"D",24,NA,2.92,"yes",10,"",0,0,0,10.26,8.29,8,8.03,"14:49:37","F","82",321,0,"0.745",""
"476",2022,7,31,"GW",11,5,20,"D",24,NA,3.64,"yes",11,"",0,0,0,10.7,8.4,8,8.02,"14:49:44","F","125",345,0,"0.638",""
"477",2022,7,31,"GW",12,5,20,"D",24,NA,14.57,"yes",12,"",0,0,0,19.43,9.08,8,7.69,"14:49:54","F","66",377,0,"0.825",""
"478",2022,7,31,"GW",13,5,10,"E",24,NA,6.41,"yes",13,"",0,0,0,11.68,8.37,8,8.03,"15:06:01","F","76",325,0,"0.766",""
"479",2022,7,31,"GW",14,5,10,"E",24,NA,10.66,"yes",14,"",0,0,0,17.6,9.07,8,8.02,"15:06:07","F","106",343,0,"0.691",""
"480",2022,7,31,"GW",15,5,10,"E",24,NA,9.56,"yes",15,"",0,0,0,14.54,8.32,8,7.69,"15:06:13","F","119",333,0,"0.643",""
"481",2022,7,31,"GW",16,5,10,"F",24,NA,4.64,"yes",16,"",0,0,0,11.47,8.32,8,8.03,"15:06:22","F","97",279,0,"0.652",""
"482",2022,7,31,"GW",17,5,10,"F",24,NA,4.41,"yes",17,"",0,0,0,10.81,8.3,8,8.02,"15:06:29","F","64",315,0,"0.797",""
"483",2022,7,31,"GW",18,5,10,"F",24,NA,6.58,"yes",18,"",0,0,0,13.19,8.18,8,7.69,"15:06:35","F","98",308,0,"0.682",""
